month,source,target,st,ce_normalized,excluded,exclusion_reason,source_file,source_pair
2013-01,peak_load_factor_north,profit_eur,0.0033632015104320344,-0.041220986840295175,false,,ce_2013-01_dowhy_a4ae95b6c5fb8ac2.json,"('peak_load_factor_north', 'profit_eur')"
2013-01,peak_load_factor_north,revenue_eur,0.01960432249893123,0.1008769967777685,false,,ce_2013-01_dowhy_a4ae95b6c5fb8ac2.json,"('peak_load_factor_north', 'revenue_eur')"
2013-01,peak_load_factor_north,co2_emissions_tonnes,0.3162892227831993,0.597836455630549,false,,ce_2013-01_dowhy_a4ae95b6c5fb8ac2.json,"('peak_load_factor_north', 'co2_emissions_tonnes')"
2013-01,peak_load_factor_north,budget_utilization_pct,0.0004229109787155488,0.0954313328392092,false,,ce_2013-01_dowhy_a4ae95b6c5fb8ac2.json,"('peak_load_factor_north', 'budget_utilization_pct')"
2013-01,peak_load_factor_north,operational_expenditure_eur,0.0339271675551898,0.18557870269386323,false,,ce_2013-01_dowhy_a4ae95b6c5fb8ac2.json,"('peak_load_factor_north', 'operational_expenditure_eur')"
2013-01,peak_load_factor_north,installed_wind_mw,0.0059719367577568535,0.03987411267888172,false,,ce_2013-01_dowhy_a4ae95b6c5fb8ac2.json,"('peak_load_factor_north', 'installed_wind_mw')"
2013-01,peak_load_factor_north,installed_solar_mw,0.020701534022237452,-0.05147648900333321,false,,ce_2013-01_dowhy_a4ae95b6c5fb8ac2.json,"('peak_load_factor_north', 'installed_solar_mw')"
2013-01,peak_load_factor_north,renewable_generation_gwh,0.0010414223019212577,0.007485350239713892,false,,ce_2013-01_dowhy_a4ae95b6c5fb8ac2.json,"('peak_load_factor_north', 'renewable_generation_gwh')"
2013-01,peak_load_factor_north,renewable_share_pct,0.21719442372448988,-0.4689405592085799,false,,ce_2013-01_dowhy_a4ae95b6c5fb8ac2.json,"('peak_load_factor_north', 'renewable_share_pct')"
2013-01,peak_load_factor_north,capital_expenditure_eur,0.006794614852957823,0.02888087085693503,false,,ce_2013-01_dowhy_a4ae95b6c5fb8ac2.json,"('peak_load_factor_north', 'capital_expenditure_eur')"
2013-01,peak_load_factor_north,fossil_generation_gwh,0.6962345507197549,0.8303626460988135,false,,ce_2013-01_dowhy_a4ae95b6c5fb8ac2.json,"('peak_load_factor_north', 'fossil_generation_gwh')"
2013-01,wind_resource_factor_north,profit_eur,5.615242302287649e-05,0.005455354736793066,false,,ce_2013-01_dowhy_a4ae95b6c5fb8ac2.json,"('wind_resource_factor_north', 'profit_eur')"
2013-01,wind_resource_factor_north,revenue_eur,2.242142087530974e-07,0.002906547659109639,false,,ce_2013-01_dowhy_a4ae95b6c5fb8ac2.json,"('wind_resource_factor_north', 'revenue_eur')"
2013-01,wind_resource_factor_north,co2_emissions_tonnes,0.003306406353233988,-0.06089082842035113,false,,ce_2013-01_dowhy_a4ae95b6c5fb8ac2.json,"('wind_resource_factor_north', 'co2_emissions_tonnes')"
2013-01,wind_resource_factor_north,budget_utilization_pct,0.0036064450902680333,-0.05729603252278084,false,,ce_2013-01_dowhy_a4ae95b6c5fb8ac2.json,"('wind_resource_factor_north', 'budget_utilization_pct')"
2013-01,wind_resource_factor_north,operational_expenditure_eur,0.00045403222354766724,-0.014755226691102467,false,,ce_2013-01_dowhy_a4ae95b6c5fb8ac2.json,"('wind_resource_factor_north', 'operational_expenditure_eur')"
2013-01,wind_resource_factor_north,installed_wind_mw,0.13066277919051478,0.31270119540854624,false,,ce_2013-01_dowhy_a4ae95b6c5fb8ac2.json,"('wind_resource_factor_north', 'installed_wind_mw')"
2013-01,wind_resource_factor_north,installed_solar_mw,0.0,-0.03938823439657378,false,,ce_2013-01_dowhy_a4ae95b6c5fb8ac2.json,"('wind_resource_factor_north', 'installed_solar_mw')"
2013-01,wind_resource_factor_north,renewable_generation_gwh,0.05148023414705182,0.18961290503983913,false,,ce_2013-01_dowhy_a4ae95b6c5fb8ac2.json,"('wind_resource_factor_north', 'renewable_generation_gwh')"
2013-01,wind_resource_factor_north,renewable_share_pct,0.03746084456110859,0.16418758552252471,false,,ce_2013-01_dowhy_a4ae95b6c5fb8ac2.json,"('wind_resource_factor_north', 'renewable_share_pct')"
2013-01,wind_resource_factor_north,capital_expenditure_eur,0.11712360635753831,0.29498504022585637,false,,ce_2013-01_dowhy_a4ae95b6c5fb8ac2.json,"('wind_resource_factor_north', 'capital_expenditure_eur')"
2013-01,wind_resource_factor_north,fossil_generation_gwh,0.007470510721379132,-0.06355550238651066,false,,ce_2013-01_dowhy_a4ae95b6c5fb8ac2.json,"('wind_resource_factor_north', 'fossil_generation_gwh')"
2013-01,solar_resource_factor_north,profit_eur,0.00010683361267908032,0.038307140201904635,false,,ce_2013-01_dowhy_a4ae95b6c5fb8ac2.json,"('solar_resource_factor_north', 'profit_eur')"
2013-01,solar_resource_factor_north,revenue_eur,9.70839360182325e-08,0.02121777133825616,false,,ce_2013-01_dowhy_a4ae95b6c5fb8ac2.json,"('solar_resource_factor_north', 'revenue_eur')"
2013-01,solar_resource_factor_north,co2_emissions_tonnes,0.002351044893727014,-0.14664070755065892,false,,ce_2013-01_dowhy_a4ae95b6c5fb8ac2.json,"('solar_resource_factor_north', 'co2_emissions_tonnes')"
2013-01,solar_resource_factor_north,budget_utilization_pct,8.730566296155597e-05,0.02571583288339856,false,,ce_2013-01_dowhy_a4ae95b6c5fb8ac2.json,"('solar_resource_factor_north', 'budget_utilization_pct')"
2013-01,solar_resource_factor_north,operational_expenditure_eur,0.0002665159033182712,-0.03260031389043737,false,,ce_2013-01_dowhy_a4ae95b6c5fb8ac2.json,"('solar_resource_factor_north', 'operational_expenditure_eur')"
2013-01,solar_resource_factor_north,installed_wind_mw,6.122623730444078e-08,-0.057189948926988234,false,,ce_2013-01_dowhy_a4ae95b6c5fb8ac2.json,"('solar_resource_factor_north', 'installed_wind_mw')"
2013-01,solar_resource_factor_north,installed_solar_mw,0.2691199422890869,0.05252367553099936,false,,ce_2013-01_dowhy_a4ae95b6c5fb8ac2.json,"('solar_resource_factor_north', 'installed_solar_mw')"
2013-01,solar_resource_factor_north,renewable_generation_gwh,0.037051443015046676,0.1642941163696655,false,,ce_2013-01_dowhy_a4ae95b6c5fb8ac2.json,"('solar_resource_factor_north', 'renewable_generation_gwh')"
2013-01,solar_resource_factor_north,renewable_share_pct,0.026060256292973878,0.15108124039175685,false,,ce_2013-01_dowhy_a4ae95b6c5fb8ac2.json,"('solar_resource_factor_north', 'renewable_share_pct')"
2013-01,solar_resource_factor_north,capital_expenditure_eur,0.0005163707203346505,-0.04494753705280583,false,,ce_2013-01_dowhy_a4ae95b6c5fb8ac2.json,"('solar_resource_factor_north', 'capital_expenditure_eur')"
2013-01,solar_resource_factor_north,fossil_generation_gwh,0.005317269515810686,-0.06865062112248731,false,,ce_2013-01_dowhy_a4ae95b6c5fb8ac2.json,"('solar_resource_factor_north', 'fossil_generation_gwh')"
2013-01,subsidy_wind_north,profit_eur,2.632492835417145e-07,-0.030141963069130244,false,,ce_2013-01_dowhy_a4ae95b6c5fb8ac2.json,"('subsidy_wind_north', 'profit_eur')"
2013-01,subsidy_wind_north,revenue_eur,6.188205197860923e-09,-0.04426299958009325,false,,ce_2013-01_dowhy_a4ae95b6c5fb8ac2.json,"('subsidy_wind_north', 'revenue_eur')"
2013-01,subsidy_wind_north,co2_emissions_tonnes,4.102515788715747e-05,0.006978572553154205,false,,ce_2013-01_dowhy_a4ae95b6c5fb8ac2.json,"('subsidy_wind_north', 'co2_emissions_tonnes')"
2013-01,subsidy_wind_north,budget_utilization_pct,0.0001308613232887478,0.03639006916544841,false,,ce_2013-01_dowhy_a4ae95b6c5fb8ac2.json,"('subsidy_wind_north', 'budget_utilization_pct')"
2013-01,subsidy_wind_north,operational_expenditure_eur,5.108305589770359e-06,-0.00816371353272536,false,,ce_2013-01_dowhy_a4ae95b6c5fb8ac2.json,"('subsidy_wind_north', 'operational_expenditure_eur')"
2013-01,subsidy_wind_north,installed_wind_mw,0.007607055059088257,0.07271329711921806,false,,ce_2013-01_dowhy_a4ae95b6c5fb8ac2.json,"('subsidy_wind_north', 'installed_wind_mw')"
2013-01,subsidy_wind_north,installed_solar_mw,0.0,0.040053639793206496,false,,ce_2013-01_dowhy_a4ae95b6c5fb8ac2.json,"('subsidy_wind_north', 'installed_solar_mw')"
2013-01,subsidy_wind_north,renewable_generation_gwh,0.0005958470774446063,0.03232858526522593,false,,ce_2013-01_dowhy_a4ae95b6c5fb8ac2.json,"('subsidy_wind_north', 'renewable_generation_gwh')"
2013-01,subsidy_wind_north,renewable_share_pct,0.00041010521870307894,0.034299420904066534,false,,ce_2013-01_dowhy_a4ae95b6c5fb8ac2.json,"('subsidy_wind_north', 'renewable_share_pct')"
2013-01,subsidy_wind_north,capital_expenditure_eur,0.0036894437186137307,0.04809435092820715,false,,ce_2013-01_dowhy_a4ae95b6c5fb8ac2.json,"('subsidy_wind_north', 'capital_expenditure_eur')"
2013-01,subsidy_wind_north,fossil_generation_gwh,8.936414412519528e-05,-0.020411688519212674,false,,ce_2013-01_dowhy_a4ae95b6c5fb8ac2.json,"('subsidy_wind_north', 'fossil_generation_gwh')"
2013-01,subsidy_solar_north,profit_eur,5.061758567126816e-07,0.010881650626661616,false,,ce_2013-01_dowhy_a4ae95b6c5fb8ac2.json,"('subsidy_solar_north', 'profit_eur')"
2013-01,subsidy_solar_north,revenue_eur,2.4541594525054304e-09,0.00779219805839348,false,,ce_2013-01_dowhy_a4ae95b6c5fb8ac2.json,"('subsidy_solar_north', 'revenue_eur')"
2013-01,subsidy_solar_north,co2_emissions_tonnes,7.571772687852914e-06,-0.01423496988318857,false,,ce_2013-01_dowhy_a4ae95b6c5fb8ac2.json,"('subsidy_solar_north', 'co2_emissions_tonnes')"
2013-01,subsidy_solar_north,budget_utilization_pct,0.0003554231443517378,0.028300992800619353,false,,ce_2013-01_dowhy_a4ae95b6c5fb8ac2.json,"('subsidy_solar_north', 'budget_utilization_pct')"
2013-01,subsidy_solar_north,operational_expenditure_eur,5.276603273111181e-08,-0.006116594232351977,false,,ce_2013-01_dowhy_a4ae95b6c5fb8ac2.json,"('subsidy_solar_north', 'operational_expenditure_eur')"
2013-01,subsidy_solar_north,installed_wind_mw,0.0,-0.010936709451334655,false,,ce_2013-01_dowhy_a4ae95b6c5fb8ac2.json,"('subsidy_solar_north', 'installed_wind_mw')"
2013-01,subsidy_solar_north,installed_solar_mw,0.053823988457817405,0.005228673897073878,false,,ce_2013-01_dowhy_a4ae95b6c5fb8ac2.json,"('subsidy_solar_north', 'installed_solar_mw')"
2013-01,subsidy_solar_north,renewable_generation_gwh,0.00010933223695615502,-0.016303967622429583,false,,ce_2013-01_dowhy_a4ae95b6c5fb8ac2.json,"('subsidy_solar_north', 'renewable_generation_gwh')"
2013-01,subsidy_solar_north,renewable_share_pct,6.930536491893845e-05,-0.005686586186448847,false,,ce_2013-01_dowhy_a4ae95b6c5fb8ac2.json,"('subsidy_solar_north', 'renewable_share_pct')"
2013-01,subsidy_solar_north,capital_expenditure_eur,0.0013668204957107452,-0.043166632716857764,false,,ce_2013-01_dowhy_a4ae95b6c5fb8ac2.json,"('subsidy_solar_north', 'capital_expenditure_eur')"
2013-01,subsidy_solar_north,fossil_generation_gwh,1.7203235859945244e-05,0.004100995459915587,false,,ce_2013-01_dowhy_a4ae95b6c5fb8ac2.json,"('subsidy_solar_north', 'fossil_generation_gwh')"
2013-01,fossil_availability_factor_north,profit_eur,0.0,0.000871841273021976,false,,ce_2013-01_dowhy_a4ae95b6c5fb8ac2.json,"('fossil_availability_factor_north', 'profit_eur')"
2013-01,fossil_availability_factor_north,revenue_eur,0.0,-0.0006812216998983182,false,,ce_2013-01_dowhy_a4ae95b6c5fb8ac2.json,"('fossil_availability_factor_north', 'revenue_eur')"
2013-01,fossil_availability_factor_north,co2_emissions_tonnes,0.0,0.07818506388627744,false,,ce_2013-01_dowhy_a4ae95b6c5fb8ac2.json,"('fossil_availability_factor_north', 'co2_emissions_tonnes')"
2013-01,fossil_availability_factor_north,budget_utilization_pct,0.0,-0.20200521390543916,false,,ce_2013-01_dowhy_a4ae95b6c5fb8ac2.json,"('fossil_availability_factor_north', 'budget_utilization_pct')"
2013-01,fossil_availability_factor_north,operational_expenditure_eur,0.0,-0.003743041232601179,false,,ce_2013-01_dowhy_a4ae95b6c5fb8ac2.json,"('fossil_availability_factor_north', 'operational_expenditure_eur')"
2013-01,fossil_availability_factor_north,installed_wind_mw,0.0,0.0398162631456932,false,,ce_2013-01_dowhy_a4ae95b6c5fb8ac2.json,"('fossil_availability_factor_north', 'installed_wind_mw')"
2013-01,fossil_availability_factor_north,installed_solar_mw,0.0,0.08038637886525685,false,,ce_2013-01_dowhy_a4ae95b6c5fb8ac2.json,"('fossil_availability_factor_north', 'installed_solar_mw')"
2013-01,fossil_availability_factor_north,renewable_generation_gwh,0.0,0.041103214687691327,false,,ce_2013-01_dowhy_a4ae95b6c5fb8ac2.json,"('fossil_availability_factor_north', 'renewable_generation_gwh')"
2013-01,fossil_availability_factor_north,renewable_share_pct,0.0,0.04297203414887622,false,,ce_2013-01_dowhy_a4ae95b6c5fb8ac2.json,"('fossil_availability_factor_north', 'renewable_share_pct')"
2013-01,fossil_availability_factor_north,capital_expenditure_eur,0.0,0.04705445924717445,false,,ce_2013-01_dowhy_a4ae95b6c5fb8ac2.json,"('fossil_availability_factor_north', 'capital_expenditure_eur')"
2013-01,fossil_availability_factor_north,fossil_generation_gwh,0.0,-0.0261038442016719,false,,ce_2013-01_dowhy_a4ae95b6c5fb8ac2.json,"('fossil_availability_factor_north', 'fossil_generation_gwh')"
2013-01,peak_load_factor_centre,profit_eur,0.0005610980640363667,0.002407738461017704,false,,ce_2013-01_dowhy_a4ae95b6c5fb8ac2.json,"('peak_load_factor_centre', 'profit_eur')"
2013-01,peak_load_factor_centre,revenue_eur,0.0032907269009488636,0.04129934522820932,false,,ce_2013-01_dowhy_a4ae95b6c5fb8ac2.json,"('peak_load_factor_centre', 'revenue_eur')"
2013-01,peak_load_factor_centre,co2_emissions_tonnes,0.05296727664799007,0.10297034831932855,false,,ce_2013-01_dowhy_a4ae95b6c5fb8ac2.json,"('peak_load_factor_centre', 'co2_emissions_tonnes')"
2013-01,peak_load_factor_centre,budget_utilization_pct,0.00019769320058737948,0.0008499312144505934,false,,ce_2013-01_dowhy_a4ae95b6c5fb8ac2.json,"('peak_load_factor_centre', 'budget_utilization_pct')"
2013-01,peak_load_factor_centre,operational_expenditure_eur,0.006144627881419322,0.047474663866995434,false,,ce_2013-01_dowhy_a4ae95b6c5fb8ac2.json,"('peak_load_factor_centre', 'operational_expenditure_eur')"
2013-01,peak_load_factor_centre,installed_wind_mw,0.0013936181909891614,-0.0290642053592362,false,,ce_2013-01_dowhy_a4ae95b6c5fb8ac2.json,"('peak_load_factor_centre', 'installed_wind_mw')"
2013-01,peak_load_factor_centre,installed_solar_mw,0.0,-0.1330040768361374,false,,ce_2013-01_dowhy_a4ae95b6c5fb8ac2.json,"('peak_load_factor_centre', 'installed_solar_mw')"
2013-01,peak_load_factor_centre,renewable_generation_gwh,0.0006165001016790479,-0.04509749838235196,false,,ce_2013-01_dowhy_a4ae95b6c5fb8ac2.json,"('peak_load_factor_centre', 'renewable_generation_gwh')"
2013-01,peak_load_factor_centre,renewable_share_pct,0.036670447733630755,-0.1898898582343506,false,,ce_2013-01_dowhy_a4ae95b6c5fb8ac2.json,"('peak_load_factor_centre', 'renewable_share_pct')"
2013-01,peak_load_factor_centre,capital_expenditure_eur,0.0019915665678367223,-0.03641262481459468,false,,ce_2013-01_dowhy_a4ae95b6c5fb8ac2.json,"('peak_load_factor_centre', 'capital_expenditure_eur')"
2013-01,peak_load_factor_centre,fossil_generation_gwh,0.11680327332876383,0.2822086972868731,false,,ce_2013-01_dowhy_a4ae95b6c5fb8ac2.json,"('peak_load_factor_centre', 'fossil_generation_gwh')"
2013-01,wind_resource_factor_centre,profit_eur,0.0003839582713657262,0.014032307760536314,false,,ce_2013-01_dowhy_a4ae95b6c5fb8ac2.json,"('wind_resource_factor_centre', 'profit_eur')"
2013-01,wind_resource_factor_centre,revenue_eur,2.0675214883135297e-07,-0.0070302657232214774,false,,ce_2013-01_dowhy_a4ae95b6c5fb8ac2.json,"('wind_resource_factor_centre', 'revenue_eur')"
2013-01,wind_resource_factor_centre,co2_emissions_tonnes,0.007883852512968092,-0.10173409806275373,false,,ce_2013-01_dowhy_a4ae95b6c5fb8ac2.json,"('wind_resource_factor_centre', 'co2_emissions_tonnes')"
2013-01,wind_resource_factor_centre,budget_utilization_pct,0.0018661618520929187,0.043817278360168056,false,,ce_2013-01_dowhy_a4ae95b6c5fb8ac2.json,"('wind_resource_factor_centre', 'budget_utilization_pct')"
2013-01,wind_resource_factor_centre,operational_expenditure_eur,0.0010197877827552142,-0.03173528250871218,false,,ce_2013-01_dowhy_a4ae95b6c5fb8ac2.json,"('wind_resource_factor_centre', 'operational_expenditure_eur')"
2013-01,wind_resource_factor_centre,installed_wind_mw,0.01984520437668365,0.02283066940673986,false,,ce_2013-01_dowhy_a4ae95b6c5fb8ac2.json,"('wind_resource_factor_centre', 'installed_wind_mw')"
2013-01,wind_resource_factor_centre,installed_solar_mw,0.0,0.03288776392358348,false,,ce_2013-01_dowhy_a4ae95b6c5fb8ac2.json,"('wind_resource_factor_centre', 'installed_solar_mw')"
2013-01,wind_resource_factor_centre,renewable_generation_gwh,0.12387575257783162,0.37385020973598937,false,,ce_2013-01_dowhy_a4ae95b6c5fb8ac2.json,"('wind_resource_factor_centre', 'renewable_generation_gwh')"
2013-01,wind_resource_factor_centre,renewable_share_pct,0.08523487707518176,0.32226773163222866,false,,ce_2013-01_dowhy_a4ae95b6c5fb8ac2.json,"('wind_resource_factor_centre', 'renewable_share_pct')"
2013-01,wind_resource_factor_centre,capital_expenditure_eur,0.016912239985642216,0.039817934222325414,false,,ce_2013-01_dowhy_a4ae95b6c5fb8ac2.json,"('wind_resource_factor_centre', 'capital_expenditure_eur')"
2013-01,wind_resource_factor_centre,fossil_generation_gwh,0.017837918424488192,-0.1503590221215712,false,,ce_2013-01_dowhy_a4ae95b6c5fb8ac2.json,"('wind_resource_factor_centre', 'fossil_generation_gwh')"
2013-01,solar_resource_factor_centre,profit_eur,7.02707028859777e-05,0.023251831829053222,false,,ce_2013-01_dowhy_a4ae95b6c5fb8ac2.json,"('solar_resource_factor_centre', 'profit_eur')"
2013-01,solar_resource_factor_centre,revenue_eur,7.603065940084765e-09,0.012920450580131188,false,,ce_2013-01_dowhy_a4ae95b6c5fb8ac2.json,"('solar_resource_factor_centre', 'revenue_eur')"
2013-01,solar_resource_factor_centre,co2_emissions_tonnes,0.0014340429981890839,-0.048470623538820895,false,,ce_2013-01_dowhy_a4ae95b6c5fb8ac2.json,"('solar_resource_factor_centre', 'co2_emissions_tonnes')"
2013-01,solar_resource_factor_centre,budget_utilization_pct,5.1253785589421225e-05,0.041507059104612706,false,,ce_2013-01_dowhy_a4ae95b6c5fb8ac2.json,"('solar_resource_factor_centre', 'budget_utilization_pct')"
2013-01,solar_resource_factor_centre,operational_expenditure_eur,0.00016974500115302278,-0.018012668602687035,false,,ce_2013-01_dowhy_a4ae95b6c5fb8ac2.json,"('solar_resource_factor_centre', 'operational_expenditure_eur')"
2013-01,solar_resource_factor_centre,installed_wind_mw,2.9018550698676837e-06,-0.09059709837955018,false,,ce_2013-01_dowhy_a4ae95b6c5fb8ac2.json,"('solar_resource_factor_centre', 'installed_wind_mw')"
2013-01,solar_resource_factor_centre,installed_solar_mw,0.004140306804447494,0.1146179965925251,false,,ce_2013-01_dowhy_a4ae95b6c5fb8ac2.json,"('solar_resource_factor_centre', 'installed_solar_mw')"
2013-01,solar_resource_factor_centre,renewable_generation_gwh,0.022958262753829072,0.05413200918245444,false,,ce_2013-01_dowhy_a4ae95b6c5fb8ac2.json,"('solar_resource_factor_centre', 'renewable_generation_gwh')"
2013-01,solar_resource_factor_centre,renewable_share_pct,0.01624634667508168,0.034330119230364275,false,,ce_2013-01_dowhy_a4ae95b6c5fb8ac2.json,"('solar_resource_factor_centre', 'renewable_share_pct')"
2013-01,solar_resource_factor_centre,capital_expenditure_eur,9.346766300076882e-06,-0.07940601465646552,false,,ce_2013-01_dowhy_a4ae95b6c5fb8ac2.json,"('solar_resource_factor_centre', 'capital_expenditure_eur')"
2013-01,solar_resource_factor_centre,fossil_generation_gwh,0.003229615801670545,-0.01602199030693086,false,,ce_2013-01_dowhy_a4ae95b6c5fb8ac2.json,"('solar_resource_factor_centre', 'fossil_generation_gwh')"
2013-01,subsidy_wind_centre,profit_eur,2.0807270227450235e-07,0.09363869164627969,false,,ce_2013-01_dowhy_a4ae95b6c5fb8ac2.json,"('subsidy_wind_centre', 'profit_eur')"
2013-01,subsidy_wind_centre,revenue_eur,1.8928792463541667e-09,0.006605266469043537,false,,ce_2013-01_dowhy_a4ae95b6c5fb8ac2.json,"('subsidy_wind_centre', 'revenue_eur')"
2013-01,subsidy_wind_centre,co2_emissions_tonnes,6.914936595774922e-05,0.025791555343027132,false,,ce_2013-01_dowhy_a4ae95b6c5fb8ac2.json,"('subsidy_wind_centre', 'co2_emissions_tonnes')"
2013-01,subsidy_wind_centre,budget_utilization_pct,0.00037286010413174113,-0.036847638330240295,false,,ce_2013-01_dowhy_a4ae95b6c5fb8ac2.json,"('subsidy_wind_centre', 'budget_utilization_pct')"
2013-01,subsidy_wind_centre,operational_expenditure_eur,2.260761607469203e-06,-0.13278291731205358,false,,ce_2013-01_dowhy_a4ae95b6c5fb8ac2.json,"('subsidy_wind_centre', 'operational_expenditure_eur')"
2013-01,subsidy_wind_centre,installed_wind_mw,0.0024525665211684133,-0.14931181142418046,false,,ce_2013-01_dowhy_a4ae95b6c5fb8ac2.json,"('subsidy_wind_centre', 'installed_wind_mw')"
2013-01,subsidy_wind_centre,installed_solar_mw,0.0,0.017302772295973833,false,,ce_2013-01_dowhy_a4ae95b6c5fb8ac2.json,"('subsidy_wind_centre', 'installed_solar_mw')"
2013-01,subsidy_wind_centre,renewable_generation_gwh,0.0010898966955660454,-0.07402805364056433,false,,ce_2013-01_dowhy_a4ae95b6c5fb8ac2.json,"('subsidy_wind_centre', 'renewable_generation_gwh')"
2013-01,subsidy_wind_centre,renewable_share_pct,0.0007909315552362887,-0.0609039258505549,false,,ce_2013-01_dowhy_a4ae95b6c5fb8ac2.json,"('subsidy_wind_centre', 'renewable_share_pct')"
2013-01,subsidy_wind_centre,capital_expenditure_eur,0.0024942356402017983,-0.16218585668680144,false,,ce_2013-01_dowhy_a4ae95b6c5fb8ac2.json,"('subsidy_wind_centre', 'capital_expenditure_eur')"
2013-01,subsidy_wind_centre,fossil_generation_gwh,0.00015630523512590128,0.023395498353146416,false,,ce_2013-01_dowhy_a4ae95b6c5fb8ac2.json,"('subsidy_wind_centre', 'fossil_generation_gwh')"
2013-01,subsidy_solar_centre,profit_eur,6.525328887016496e-08,0.0004534425934811858,false,,ce_2013-01_dowhy_a4ae95b6c5fb8ac2.json,"('subsidy_solar_centre', 'profit_eur')"
2013-01,subsidy_solar_centre,revenue_eur,7.407218775732252e-13,-0.0011314785044166538,false,,ce_2013-01_dowhy_a4ae95b6c5fb8ac2.json,"('subsidy_solar_centre', 'revenue_eur')"
2013-01,subsidy_solar_centre,co2_emissions_tonnes,2.4881053633410456e-06,-0.09591088407561686,false,,ce_2013-01_dowhy_a4ae95b6c5fb8ac2.json,"('subsidy_solar_centre', 'co2_emissions_tonnes')"
2013-01,subsidy_solar_centre,budget_utilization_pct,1.3750322801675252e-05,0.07187958583072185,false,,ce_2013-01_dowhy_a4ae95b6c5fb8ac2.json,"('subsidy_solar_centre', 'budget_utilization_pct')"
2013-01,subsidy_solar_centre,operational_expenditure_eur,3.058704861858121e-08,-0.0028012143565140785,false,,ce_2013-01_dowhy_a4ae95b6c5fb8ac2.json,"('subsidy_solar_centre', 'operational_expenditure_eur')"
2013-01,subsidy_solar_centre,installed_wind_mw,0.0,0.03509493988269465,false,,ce_2013-01_dowhy_a4ae95b6c5fb8ac2.json,"('subsidy_solar_centre', 'installed_wind_mw')"
2013-01,subsidy_solar_centre,installed_solar_mw,0.016561227217789947,0.04329745889940412,false,,ce_2013-01_dowhy_a4ae95b6c5fb8ac2.json,"('subsidy_solar_centre', 'installed_solar_mw')"
2013-01,subsidy_solar_centre,renewable_generation_gwh,4.0192107601124236e-05,0.03751593848857118,false,,ce_2013-01_dowhy_a4ae95b6c5fb8ac2.json,"('subsidy_solar_centre', 'renewable_generation_gwh')"
2013-01,subsidy_solar_centre,renewable_share_pct,2.939912160754043e-05,0.042896001077854455,false,,ce_2013-01_dowhy_a4ae95b6c5fb8ac2.json,"('subsidy_solar_centre', 'renewable_share_pct')"
2013-01,subsidy_solar_centre,capital_expenditure_eur,0.00017650313437713908,0.021844974334641283,false,,ce_2013-01_dowhy_a4ae95b6c5fb8ac2.json,"('subsidy_solar_centre', 'capital_expenditure_eur')"
2013-01,subsidy_solar_centre,fossil_generation_gwh,5.653030693672276e-06,-0.03562222906626037,false,,ce_2013-01_dowhy_a4ae95b6c5fb8ac2.json,"('subsidy_solar_centre', 'fossil_generation_gwh')"
2013-01,fossil_availability_factor_centre,profit_eur,0.0,0.0021160836444704956,false,,ce_2013-01_dowhy_a4ae95b6c5fb8ac2.json,"('fossil_availability_factor_centre', 'profit_eur')"
2013-01,fossil_availability_factor_centre,revenue_eur,0.0,-0.0022677960400185548,false,,ce_2013-01_dowhy_a4ae95b6c5fb8ac2.json,"('fossil_availability_factor_centre', 'revenue_eur')"
2013-01,fossil_availability_factor_centre,co2_emissions_tonnes,0.0,0.12372403980307642,false,,ce_2013-01_dowhy_a4ae95b6c5fb8ac2.json,"('fossil_availability_factor_centre', 'co2_emissions_tonnes')"
2013-01,fossil_availability_factor_centre,budget_utilization_pct,0.0,-0.08511885797920973,false,,ce_2013-01_dowhy_a4ae95b6c5fb8ac2.json,"('fossil_availability_factor_centre', 'budget_utilization_pct')"
2013-01,fossil_availability_factor_centre,operational_expenditure_eur,0.0,-0.0064835227659181555,false,,ce_2013-01_dowhy_a4ae95b6c5fb8ac2.json,"('fossil_availability_factor_centre', 'operational_expenditure_eur')"
2013-01,fossil_availability_factor_centre,installed_wind_mw,0.0,0.02235412016458708,false,,ce_2013-01_dowhy_a4ae95b6c5fb8ac2.json,"('fossil_availability_factor_centre', 'installed_wind_mw')"
2013-01,fossil_availability_factor_centre,installed_solar_mw,0.0,-0.11185084317572941,false,,ce_2013-01_dowhy_a4ae95b6c5fb8ac2.json,"('fossil_availability_factor_centre', 'installed_solar_mw')"
2013-01,fossil_availability_factor_centre,renewable_generation_gwh,0.0,-0.01595153434064217,false,,ce_2013-01_dowhy_a4ae95b6c5fb8ac2.json,"('fossil_availability_factor_centre', 'renewable_generation_gwh')"
2013-01,fossil_availability_factor_centre,renewable_share_pct,0.0,-0.00944483398010334,false,,ce_2013-01_dowhy_a4ae95b6c5fb8ac2.json,"('fossil_availability_factor_centre', 'renewable_share_pct')"
2013-01,fossil_availability_factor_centre,capital_expenditure_eur,0.0,0.013105142141970151,false,,ce_2013-01_dowhy_a4ae95b6c5fb8ac2.json,"('fossil_availability_factor_centre', 'capital_expenditure_eur')"
2013-01,fossil_availability_factor_centre,fossil_generation_gwh,0.0,0.0012692825405009672,false,,ce_2013-01_dowhy_a4ae95b6c5fb8ac2.json,"('fossil_availability_factor_centre', 'fossil_generation_gwh')"
2013-01,peak_load_factor_south,profit_eur,0.0003655701819307873,-0.016394939866428232,false,,ce_2013-01_dowhy_a4ae95b6c5fb8ac2.json,"('peak_load_factor_south', 'profit_eur')"
2013-01,peak_load_factor_south,revenue_eur,0.0020079731221364096,0.03176472093711365,false,,ce_2013-01_dowhy_a4ae95b6c5fb8ac2.json,"('peak_load_factor_south', 'revenue_eur')"
2013-01,peak_load_factor_south,co2_emissions_tonnes,0.03922778037381556,0.25300165491375926,false,,ce_2013-01_dowhy_a4ae95b6c5fb8ac2.json,"('peak_load_factor_south', 'co2_emissions_tonnes')"
2013-01,peak_load_factor_south,budget_utilization_pct,0.00011855154611719618,0.05055473334260942,false,,ce_2013-01_dowhy_a4ae95b6c5fb8ac2.json,"('peak_load_factor_south', 'budget_utilization_pct')"
2013-01,peak_load_factor_south,operational_expenditure_eur,0.0044002946269646815,0.06354258813258136,false,,ce_2013-01_dowhy_a4ae95b6c5fb8ac2.json,"('peak_load_factor_south', 'operational_expenditure_eur')"
2013-01,peak_load_factor_south,installed_wind_mw,0.0013194348840348956,0.025099351534519098,false,,ce_2013-01_dowhy_a4ae95b6c5fb8ac2.json,"('peak_load_factor_south', 'installed_wind_mw')"
2013-01,peak_load_factor_south,installed_solar_mw,0.0,-0.0622429176202471,false,,ce_2013-01_dowhy_a4ae95b6c5fb8ac2.json,"('peak_load_factor_south', 'installed_solar_mw')"
2013-01,peak_load_factor_south,renewable_generation_gwh,0.0024189934200388443,-0.00011677974670297227,false,,ce_2013-01_dowhy_a4ae95b6c5fb8ac2.json,"('peak_load_factor_south', 'renewable_generation_gwh')"
2013-01,peak_load_factor_south,renewable_share_pct,0.013671459377984259,-0.11951108471310035,false,,ce_2013-01_dowhy_a4ae95b6c5fb8ac2.json,"('peak_load_factor_south', 'renewable_share_pct')"
2013-01,peak_load_factor_south,capital_expenditure_eur,0.0016872307878833136,0.015853590706667222,false,,ce_2013-01_dowhy_a4ae95b6c5fb8ac2.json,"('peak_load_factor_south', 'capital_expenditure_eur')"
2013-01,peak_load_factor_south,fossil_generation_gwh,0.06268468340794499,0.2116223065140054,false,,ce_2013-01_dowhy_a4ae95b6c5fb8ac2.json,"('peak_load_factor_south', 'fossil_generation_gwh')"
2013-01,wind_resource_factor_south,profit_eur,0.001666801041836696,0.04851905040933255,false,,ce_2013-01_dowhy_a4ae95b6c5fb8ac2.json,"('wind_resource_factor_south', 'profit_eur')"
2013-01,wind_resource_factor_south,revenue_eur,1.0677228618117982e-07,-0.009042556558102571,false,,ce_2013-01_dowhy_a4ae95b6c5fb8ac2.json,"('wind_resource_factor_south', 'revenue_eur')"
2013-01,wind_resource_factor_south,co2_emissions_tonnes,0.04214698462515169,-0.275581680903394,false,,ce_2013-01_dowhy_a4ae95b6c5fb8ac2.json,"('wind_resource_factor_south', 'co2_emissions_tonnes')"
2013-01,wind_resource_factor_south,budget_utilization_pct,0.0016988256444517326,0.06966016963270191,false,,ce_2013-01_dowhy_a4ae95b6c5fb8ac2.json,"('wind_resource_factor_south', 'budget_utilization_pct')"
2013-01,wind_resource_factor_south,operational_expenditure_eur,0.0040430403865221905,-0.08606085445509802,false,,ce_2013-01_dowhy_a4ae95b6c5fb8ac2.json,"('wind_resource_factor_south', 'operational_expenditure_eur')"
2013-01,wind_resource_factor_south,installed_wind_mw,0.00459205028597392,-0.018869922960345044,false,,ce_2013-01_dowhy_a4ae95b6c5fb8ac2.json,"('wind_resource_factor_south', 'installed_wind_mw')"
2013-01,wind_resource_factor_south,installed_solar_mw,0.003084408986891692,-0.16574715848341362,false,,ce_2013-01_dowhy_a4ae95b6c5fb8ac2.json,"('wind_resource_factor_south', 'installed_solar_mw')"
2013-01,wind_resource_factor_south,renewable_generation_gwh,0.48524368732325424,0.6735889178789037,false,,ce_2013-01_dowhy_a4ae95b6c5fb8ac2.json,"('wind_resource_factor_south', 'renewable_generation_gwh')"
2013-01,wind_resource_factor_south,renewable_share_pct,0.3405793012253656,0.5725374888427996,false,,ce_2013-01_dowhy_a4ae95b6c5fb8ac2.json,"('wind_resource_factor_south', 'renewable_share_pct')"
2013-01,wind_resource_factor_south,capital_expenditure_eur,0.005701749372241247,-0.018773108956256477,false,,ce_2013-01_dowhy_a4ae95b6c5fb8ac2.json,"('wind_resource_factor_south', 'capital_expenditure_eur')"
2013-01,wind_resource_factor_south,fossil_generation_gwh,0.06784170866758693,-0.2549501037556462,false,,ce_2013-01_dowhy_a4ae95b6c5fb8ac2.json,"('wind_resource_factor_south', 'fossil_generation_gwh')"
2013-01,solar_resource_factor_south,profit_eur,0.0001237861604809434,0.0038315550493756806,false,,ce_2013-01_dowhy_a4ae95b6c5fb8ac2.json,"('solar_resource_factor_south', 'profit_eur')"
2013-01,solar_resource_factor_south,revenue_eur,1.0486768569204013e-08,-0.01172766286025896,false,,ce_2013-01_dowhy_a4ae95b6c5fb8ac2.json,"('solar_resource_factor_south', 'revenue_eur')"
2013-01,solar_resource_factor_south,co2_emissions_tonnes,0.0029525283111878184,0.10189448868994896,false,,ce_2013-01_dowhy_a4ae95b6c5fb8ac2.json,"('solar_resource_factor_south', 'co2_emissions_tonnes')"
2013-01,solar_resource_factor_south,budget_utilization_pct,0.00019456733581179093,-0.17743577036999414,false,,ce_2013-01_dowhy_a4ae95b6c5fb8ac2.json,"('solar_resource_factor_south', 'budget_utilization_pct')"
2013-01,solar_resource_factor_south,operational_expenditure_eur,0.000293250317297305,-0.017168234819337512,false,,ce_2013-01_dowhy_a4ae95b6c5fb8ac2.json,"('solar_resource_factor_south', 'operational_expenditure_eur')"
2013-01,solar_resource_factor_south,installed_wind_mw,4.829555510147893e-05,-0.07917494754910112,false,,ce_2013-01_dowhy_a4ae95b6c5fb8ac2.json,"('solar_resource_factor_south', 'installed_wind_mw')"
2013-01,solar_resource_factor_south,installed_solar_mw,0.016561227217789975,-0.12360123136042205,false,,ce_2013-01_dowhy_a4ae95b6c5fb8ac2.json,"('solar_resource_factor_south', 'installed_solar_mw')"
2013-01,solar_resource_factor_south,renewable_generation_gwh,0.0336835355938521,0.06892572308719155,false,,ce_2013-01_dowhy_a4ae95b6c5fb8ac2.json,"('solar_resource_factor_south', 'renewable_generation_gwh')"
2013-01,solar_resource_factor_south,renewable_share_pct,0.02355347859737441,0.0645297878179473,false,,ce_2013-01_dowhy_a4ae95b6c5fb8ac2.json,"('solar_resource_factor_south', 'renewable_share_pct')"
2013-01,solar_resource_factor_south,capital_expenditure_eur,7.527679621243053e-05,-0.09121165881146666,false,,ce_2013-01_dowhy_a4ae95b6c5fb8ac2.json,"('solar_resource_factor_south', 'capital_expenditure_eur')"
2013-01,solar_resource_factor_south,fossil_generation_gwh,0.004639556133600361,-0.022618162247079594,false,,ce_2013-01_dowhy_a4ae95b6c5fb8ac2.json,"('solar_resource_factor_south', 'fossil_generation_gwh')"
2013-01,subsidy_wind_south,profit_eur,4.0431678811632193e-07,-0.0044258325480168986,false,,ce_2013-01_dowhy_a4ae95b6c5fb8ac2.json,"('subsidy_wind_south', 'profit_eur')"
2013-01,subsidy_wind_south,revenue_eur,1.7001971481193481e-09,0.0020901165111839167,false,,ce_2013-01_dowhy_a4ae95b6c5fb8ac2.json,"('subsidy_wind_south', 'revenue_eur')"
2013-01,subsidy_wind_south,co2_emissions_tonnes,0.00016115859598515823,-0.05236825867136101,false,,ce_2013-01_dowhy_a4ae95b6c5fb8ac2.json,"('subsidy_wind_south', 'co2_emissions_tonnes')"
2013-01,subsidy_wind_south,budget_utilization_pct,0.0052923904614628195,-0.14347067632427773,false,,ce_2013-01_dowhy_a4ae95b6c5fb8ac2.json,"('subsidy_wind_south', 'budget_utilization_pct')"
2013-01,subsidy_wind_south,operational_expenditure_eur,1.2104294451176974e-06,0.009898618727547886,false,,ce_2013-01_dowhy_a4ae95b6c5fb8ac2.json,"('subsidy_wind_south', 'operational_expenditure_eur')"
2013-01,subsidy_wind_south,installed_wind_mw,0.0008439722803767673,-0.006638715945356851,false,,ce_2013-01_dowhy_a4ae95b6c5fb8ac2.json,"('subsidy_wind_south', 'installed_wind_mw')"
2013-01,subsidy_wind_south,installed_solar_mw,0.0,0.12272847413977493,false,,ce_2013-01_dowhy_a4ae95b6c5fb8ac2.json,"('subsidy_wind_south', 'installed_solar_mw')"
2013-01,subsidy_wind_south,renewable_generation_gwh,0.0024271868528560636,0.03726853473321769,false,,ce_2013-01_dowhy_a4ae95b6c5fb8ac2.json,"('subsidy_wind_south', 'renewable_generation_gwh')"
2013-01,subsidy_wind_south,renewable_share_pct,0.001429751989751994,0.017184029332572272,false,,ce_2013-01_dowhy_a4ae95b6c5fb8ac2.json,"('subsidy_wind_south', 'renewable_share_pct')"
2013-01,subsidy_wind_south,capital_expenditure_eur,0.0017396676128259795,-0.01386897773525098,false,,ce_2013-01_dowhy_a4ae95b6c5fb8ac2.json,"('subsidy_wind_south', 'capital_expenditure_eur')"
2013-01,subsidy_wind_south,fossil_generation_gwh,0.0003473774261279924,0.008995153969971522,false,,ce_2013-01_dowhy_a4ae95b6c5fb8ac2.json,"('subsidy_wind_south', 'fossil_generation_gwh')"
2013-01,subsidy_solar_south,profit_eur,1.8139152711855104e-07,0.0032876516584112885,false,,ce_2013-01_dowhy_a4ae95b6c5fb8ac2.json,"('subsidy_solar_south', 'profit_eur')"
2013-01,subsidy_solar_south,revenue_eur,5.703203963507166e-12,0.0017484638003188566,false,,ce_2013-01_dowhy_a4ae95b6c5fb8ac2.json,"('subsidy_solar_south', 'revenue_eur')"
2013-01,subsidy_solar_south,co2_emissions_tonnes,1.7095128685684444e-06,0.0031506703730867134,false,,ce_2013-01_dowhy_a4ae95b6c5fb8ac2.json,"('subsidy_solar_south', 'co2_emissions_tonnes')"
2013-01,subsidy_solar_south,budget_utilization_pct,9.873566602837524e-05,0.04527151742027682,false,,ce_2013-01_dowhy_a4ae95b6c5fb8ac2.json,"('subsidy_solar_south', 'budget_utilization_pct')"
2013-01,subsidy_solar_south,operational_expenditure_eur,9.179696561398081e-09,-0.003701128493362087,false,,ce_2013-01_dowhy_a4ae95b6c5fb8ac2.json,"('subsidy_solar_south', 'operational_expenditure_eur')"
2013-01,subsidy_solar_south,installed_wind_mw,0.0,0.04226326089303474,false,,ce_2013-01_dowhy_a4ae95b6c5fb8ac2.json,"('subsidy_solar_south', 'installed_wind_mw')"
2013-01,subsidy_solar_south,installed_solar_mw,0.004140306804447494,0.09831519544652219,false,,ce_2013-01_dowhy_a4ae95b6c5fb8ac2.json,"('subsidy_solar_south', 'installed_solar_mw')"
2013-01,subsidy_solar_south,renewable_generation_gwh,2.742282443338427e-05,-0.033608220397199996,false,,ce_2013-01_dowhy_a4ae95b6c5fb8ac2.json,"('subsidy_solar_south', 'renewable_generation_gwh')"
2013-01,subsidy_solar_south,renewable_share_pct,1.5963855710984038e-05,-0.024254166559944765,false,,ce_2013-01_dowhy_a4ae95b6c5fb8ac2.json,"('subsidy_solar_south', 'renewable_share_pct')"
2013-01,subsidy_solar_south,capital_expenditure_eur,0.00048298962175933214,0.02078391903539158,false,,ce_2013-01_dowhy_a4ae95b6c5fb8ac2.json,"('subsidy_solar_south', 'capital_expenditure_eur')"
2013-01,subsidy_solar_south,fossil_generation_gwh,3.884051238197188e-06,0.01764927076742576,false,,ce_2013-01_dowhy_a4ae95b6c5fb8ac2.json,"('subsidy_solar_south', 'fossil_generation_gwh')"
2013-01,fossil_availability_factor_south,profit_eur,0.0,0.031739640042877555,false,,ce_2013-01_dowhy_a4ae95b6c5fb8ac2.json,"('fossil_availability_factor_south', 'profit_eur')"
2013-01,fossil_availability_factor_south,revenue_eur,0.0,0.0035362651996596493,false,,ce_2013-01_dowhy_a4ae95b6c5fb8ac2.json,"('fossil_availability_factor_south', 'revenue_eur')"
2013-01,fossil_availability_factor_south,co2_emissions_tonnes,0.0,0.05054477034030604,false,,ce_2013-01_dowhy_a4ae95b6c5fb8ac2.json,"('fossil_availability_factor_south', 'co2_emissions_tonnes')"
2013-01,fossil_availability_factor_south,budget_utilization_pct,0.0,0.04440416058588887,false,,ce_2013-01_dowhy_a4ae95b6c5fb8ac2.json,"('fossil_availability_factor_south', 'budget_utilization_pct')"
2013-01,fossil_availability_factor_south,operational_expenditure_eur,0.0,-0.04443540280118349,false,,ce_2013-01_dowhy_a4ae95b6c5fb8ac2.json,"('fossil_availability_factor_south', 'operational_expenditure_eur')"
2013-01,fossil_availability_factor_south,installed_wind_mw,0.0,-0.020674969923902966,false,,ce_2013-01_dowhy_a4ae95b6c5fb8ac2.json,"('fossil_availability_factor_south', 'installed_wind_mw')"
2013-01,fossil_availability_factor_south,installed_solar_mw,0.0,-0.07082424767641576,false,,ce_2013-01_dowhy_a4ae95b6c5fb8ac2.json,"('fossil_availability_factor_south', 'installed_solar_mw')"
2013-01,fossil_availability_factor_south,renewable_generation_gwh,0.0,-0.009740576240574504,false,,ce_2013-01_dowhy_a4ae95b6c5fb8ac2.json,"('fossil_availability_factor_south', 'renewable_generation_gwh')"
2013-01,fossil_availability_factor_south,renewable_share_pct,0.0,0.003275977820730242,false,,ce_2013-01_dowhy_a4ae95b6c5fb8ac2.json,"('fossil_availability_factor_south', 'renewable_share_pct')"
2013-01,fossil_availability_factor_south,capital_expenditure_eur,0.0,-0.024783841914069266,false,,ce_2013-01_dowhy_a4ae95b6c5fb8ac2.json,"('fossil_availability_factor_south', 'capital_expenditure_eur')"
2013-01,fossil_availability_factor_south,fossil_generation_gwh,0.0,-0.00549818160683625,false,,ce_2013-01_dowhy_a4ae95b6c5fb8ac2.json,"('fossil_availability_factor_south', 'fossil_generation_gwh')"
2013-01,investment_budget,profit_eur,1.6518710845393802e-33,-0.002177650584107467,false,,ce_2013-01_dowhy_a4ae95b6c5fb8ac2.json,"('investment_budget', 'profit_eur')"
2013-01,investment_budget,revenue_eur,1.5323413858557373e-33,0.005748864869604839,false,,ce_2013-01_dowhy_a4ae95b6c5fb8ac2.json,"('investment_budget', 'revenue_eur')"
2013-01,investment_budget,co2_emissions_tonnes,3.9897990322043715e-32,0.010993622266052544,false,,ce_2013-01_dowhy_a4ae95b6c5fb8ac2.json,"('investment_budget', 'co2_emissions_tonnes')"
2013-01,investment_budget,budget_utilization_pct,1.0,-0.614868344609452,false,,ce_2013-01_dowhy_a4ae95b6c5fb8ac2.json,"('investment_budget', 'budget_utilization_pct')"
2013-01,investment_budget,operational_expenditure_eur,3.8374361806774343e-34,0.008701623930172814,false,,ce_2013-01_dowhy_a4ae95b6c5fb8ac2.json,"('investment_budget', 'operational_expenditure_eur')"
2013-01,investment_budget,installed_wind_mw,0.0,0.042305823081368175,false,,ce_2013-01_dowhy_a4ae95b6c5fb8ac2.json,"('investment_budget', 'installed_wind_mw')"
2013-01,investment_budget,installed_solar_mw,0.0,0.09760915837766818,false,,ce_2013-01_dowhy_a4ae95b6c5fb8ac2.json,"('investment_budget', 'installed_solar_mw')"
2013-01,investment_budget,renewable_generation_gwh,0.0,0.041237262398628786,false,,ce_2013-01_dowhy_a4ae95b6c5fb8ac2.json,"('investment_budget', 'renewable_generation_gwh')"
2013-01,investment_budget,renewable_share_pct,0.0,0.040668192392265684,false,,ce_2013-01_dowhy_a4ae95b6c5fb8ac2.json,"('investment_budget', 'renewable_share_pct')"
2013-01,investment_budget,capital_expenditure_eur,0.0,0.0503900339807198,false,,ce_2013-01_dowhy_a4ae95b6c5fb8ac2.json,"('investment_budget', 'capital_expenditure_eur')"
2013-01,investment_budget,fossil_generation_gwh,3.835964623649924e-32,-0.01779711064354292,false,,ce_2013-01_dowhy_a4ae95b6c5fb8ac2.json,"('investment_budget', 'fossil_generation_gwh')"
2013-01,co2_price,profit_eur,0.39743527531385087,-0.5876592015444658,false,,ce_2013-01_dowhy_a4ae95b6c5fb8ac2.json,"('co2_price', 'profit_eur')"
2013-01,co2_price,revenue_eur,2.70558547908877e-06,0.012086216072367637,false,,ce_2013-01_dowhy_a4ae95b6c5fb8ac2.json,"('co2_price', 'revenue_eur')"
2013-01,co2_price,co2_emissions_tonnes,0.3506031106200739,-0.3589236860060026,false,,ce_2013-01_dowhy_a4ae95b6c5fb8ac2.json,"('co2_price', 'co2_emissions_tonnes')"
2013-01,co2_price,budget_utilization_pct,1.0,-0.045426266701132006,false,,ce_2013-01_dowhy_a4ae95b6c5fb8ac2.json,"('co2_price', 'budget_utilization_pct')"
2013-01,co2_price,operational_expenditure_eur,0.9034011960350274,0.9044808878185209,false,,ce_2013-01_dowhy_a4ae95b6c5fb8ac2.json,"('co2_price', 'operational_expenditure_eur')"
2013-01,co2_price,installed_wind_mw,0.9327586906882115,0.8244635266687481,false,,ce_2013-01_dowhy_a4ae95b6c5fb8ac2.json,"('co2_price', 'installed_wind_mw')"
2013-01,co2_price,installed_solar_mw,1.0,0.2630565592281516,false,,ce_2013-01_dowhy_a4ae95b6c5fb8ac2.json,"('co2_price', 'installed_solar_mw')"
2013-01,co2_price,renewable_generation_gwh,0.2943155481357037,0.4432642608825685,false,,ce_2013-01_dowhy_a4ae95b6c5fb8ac2.json,"('co2_price', 'renewable_generation_gwh')"
2013-01,co2_price,renewable_share_pct,0.2013703191474125,0.3702775903285971,false,,ce_2013-01_dowhy_a4ae95b6c5fb8ac2.json,"('co2_price', 'renewable_share_pct')"
2013-01,co2_price,capital_expenditure_eur,0.9863746242016012,0.8273202630567865,false,,ce_2013-01_dowhy_a4ae95b6c5fb8ac2.json,"('co2_price', 'capital_expenditure_eur')"
2013-01,co2_price,fossil_generation_gwh,0.04108752761754866,-0.16555261653224235,false,,ce_2013-01_dowhy_a4ae95b6c5fb8ac2.json,"('co2_price', 'fossil_generation_gwh')"
2013-01,market_price,profit_eur,0.5976100033645925,0.7659383584979365,false,,ce_2013-01_dowhy_a4ae95b6c5fb8ac2.json,"('market_price', 'profit_eur')"
2013-01,market_price,revenue_eur,0.9778770524772058,0.9877349603372355,false,,ce_2013-01_dowhy_a4ae95b6c5fb8ac2.json,"('market_price', 'revenue_eur')"
2013-01,market_price,co2_emissions_tonnes,0.0,0.027417857833465217,false,,ce_2013-01_dowhy_a4ae95b6c5fb8ac2.json,"('market_price', 'co2_emissions_tonnes')"
2013-01,market_price,budget_utilization_pct,0.0,0.009048372240350485,false,,ce_2013-01_dowhy_a4ae95b6c5fb8ac2.json,"('market_price', 'budget_utilization_pct')"
2013-01,market_price,operational_expenditure_eur,0.0,0.0005268443597703129,false,,ce_2013-01_dowhy_a4ae95b6c5fb8ac2.json,"('market_price', 'operational_expenditure_eur')"
2013-01,market_price,installed_wind_mw,0.0,0.006292799265171736,false,,ce_2013-01_dowhy_a4ae95b6c5fb8ac2.json,"('market_price', 'installed_wind_mw')"
2013-01,market_price,installed_solar_mw,0.0,-0.005957933339583566,false,,ce_2013-01_dowhy_a4ae95b6c5fb8ac2.json,"('market_price', 'installed_solar_mw')"
2013-01,market_price,renewable_generation_gwh,0.0,0.002130660949682386,false,,ce_2013-01_dowhy_a4ae95b6c5fb8ac2.json,"('market_price', 'renewable_generation_gwh')"
2013-01,market_price,renewable_share_pct,0.0,0.015256488122778305,false,,ce_2013-01_dowhy_a4ae95b6c5fb8ac2.json,"('market_price', 'renewable_share_pct')"
2013-01,market_price,capital_expenditure_eur,0.0,0.01466803395231922,false,,ce_2013-01_dowhy_a4ae95b6c5fb8ac2.json,"('market_price', 'capital_expenditure_eur')"
2013-01,market_price,fossil_generation_gwh,0.0,-0.026377844028597053,false,,ce_2013-01_dowhy_a4ae95b6c5fb8ac2.json,"('market_price', 'fossil_generation_gwh')"
2013-01,fuel_price_gas,profit_eur,0.05246634679729363,-0.23891954595538084,false,,ce_2013-01_dowhy_a4ae95b6c5fb8ac2.json,"('fuel_price_gas', 'profit_eur')"
2013-01,fuel_price_gas,revenue_eur,4.377002687867741e-06,-0.009755276417606571,false,,ce_2013-01_dowhy_a4ae95b6c5fb8ac2.json,"('fuel_price_gas', 'revenue_eur')"
2013-01,fuel_price_gas,co2_emissions_tonnes,0.17602084131032103,0.16448717067786298,false,,ce_2013-01_dowhy_a4ae95b6c5fb8ac2.json,"('fuel_price_gas', 'co2_emissions_tonnes')"
2013-01,fuel_price_gas,budget_utilization_pct,0.32412119405598255,-0.03628432615210241,false,,ce_2013-01_dowhy_a4ae95b6c5fb8ac2.json,"('fuel_price_gas', 'budget_utilization_pct')"
2013-01,fuel_price_gas,operational_expenditure_eur,0.11742366089495054,0.3503473435544204,false,,ce_2013-01_dowhy_a4ae95b6c5fb8ac2.json,"('fuel_price_gas', 'operational_expenditure_eur')"
2013-01,fuel_price_gas,installed_wind_mw,0.1785834997081568,0.32321429202197727,false,,ce_2013-01_dowhy_a4ae95b6c5fb8ac2.json,"('fuel_price_gas', 'installed_wind_mw')"
2013-01,fuel_price_gas,installed_solar_mw,1.0,0.22172328492151758,false,,ce_2013-01_dowhy_a4ae95b6c5fb8ac2.json,"('fuel_price_gas', 'installed_solar_mw')"
2013-01,fuel_price_gas,renewable_generation_gwh,0.11498876579948797,0.16232548695302898,false,,ce_2013-01_dowhy_a4ae95b6c5fb8ac2.json,"('fuel_price_gas', 'renewable_generation_gwh')"
2013-01,fuel_price_gas,renewable_share_pct,0.0797158834132559,0.1339189094848828,false,,ce_2013-01_dowhy_a4ae95b6c5fb8ac2.json,"('fuel_price_gas', 'renewable_share_pct')"
2013-01,fuel_price_gas,capital_expenditure_eur,0.2093998428625379,0.3245823193918723,false,,ce_2013-01_dowhy_a4ae95b6c5fb8ac2.json,"('fuel_price_gas', 'capital_expenditure_eur')"
2013-01,fuel_price_gas,fossil_generation_gwh,0.018492944933485113,-0.052402348448738915,false,,ce_2013-01_dowhy_a4ae95b6c5fb8ac2.json,"('fuel_price_gas', 'fossil_generation_gwh')"
2013-07,peak_load_factor_north,profit_eur,0.003224191836553741,-0.04180594329665757,false,,ce_2013-07_dowhy_ca3b781aa7162aef.json,"('peak_load_factor_north', 'profit_eur')"
2013-07,peak_load_factor_north,revenue_eur,0.01876391916359428,0.09771553284858511,false,,ce_2013-07_dowhy_ca3b781aa7162aef.json,"('peak_load_factor_north', 'revenue_eur')"
2013-07,peak_load_factor_north,co2_emissions_tonnes,0.36053743073562655,0.6348869757295628,false,,ce_2013-07_dowhy_ca3b781aa7162aef.json,"('peak_load_factor_north', 'co2_emissions_tonnes')"
2013-07,peak_load_factor_north,budget_utilization_pct,0.00014957598753085949,0.11987246680370338,false,,ce_2013-07_dowhy_ca3b781aa7162aef.json,"('peak_load_factor_north', 'budget_utilization_pct')"
2013-07,peak_load_factor_north,operational_expenditure_eur,0.03361966695392907,0.18510951822333988,false,,ce_2013-07_dowhy_ca3b781aa7162aef.json,"('peak_load_factor_north', 'operational_expenditure_eur')"
2013-07,peak_load_factor_north,installed_wind_mw,0.002244985098663053,0.011975385527632096,false,,ce_2013-07_dowhy_ca3b781aa7162aef.json,"('peak_load_factor_north', 'installed_wind_mw')"
2013-07,peak_load_factor_north,installed_solar_mw,,,true,target_degenerate: std_absolutely_degenerate,ce_2013-07_dowhy_ca3b781aa7162aef.json,"('peak_load_factor_north', 'installed_solar_mw')"
2013-07,peak_load_factor_north,renewable_generation_gwh,7.132893092538773e-05,0.003715756237803493,false,,ce_2013-07_dowhy_ca3b781aa7162aef.json,"('peak_load_factor_north', 'renewable_generation_gwh')"
2013-07,peak_load_factor_north,renewable_share_pct,0.3655754235240644,-0.6018797948481431,false,,ce_2013-07_dowhy_ca3b781aa7162aef.json,"('peak_load_factor_north', 'renewable_share_pct')"
2013-07,peak_load_factor_north,capital_expenditure_eur,0.0021187994462104212,0.01190294832559723,false,,ce_2013-07_dowhy_ca3b781aa7162aef.json,"('peak_load_factor_north', 'capital_expenditure_eur')"
2013-07,peak_load_factor_north,fossil_generation_gwh,0.7569835650192034,0.8589158363302892,false,,ce_2013-07_dowhy_ca3b781aa7162aef.json,"('peak_load_factor_north', 'fossil_generation_gwh')"
2013-07,wind_resource_factor_north,profit_eur,1.8179530522452976e-07,0.002712196529709771,false,,ce_2013-07_dowhy_ca3b781aa7162aef.json,"('wind_resource_factor_north', 'profit_eur')"
2013-07,wind_resource_factor_north,revenue_eur,1.4549966688171893e-09,0.0031431427551378635,false,,ce_2013-07_dowhy_ca3b781aa7162aef.json,"('wind_resource_factor_north', 'revenue_eur')"
2013-07,wind_resource_factor_north,co2_emissions_tonnes,5.068108065290227e-05,-0.01773328034952807,false,,ce_2013-07_dowhy_ca3b781aa7162aef.json,"('wind_resource_factor_north', 'co2_emissions_tonnes')"
2013-07,wind_resource_factor_north,budget_utilization_pct,0.0010223116575078166,-0.047796070024149886,false,,ce_2013-07_dowhy_ca3b781aa7162aef.json,"('wind_resource_factor_north', 'budget_utilization_pct')"
2013-07,wind_resource_factor_north,operational_expenditure_eur,9.170382827209337e-06,-0.0012585126155427874,false,,ce_2013-07_dowhy_ca3b781aa7162aef.json,"('wind_resource_factor_north', 'operational_expenditure_eur')"
2013-07,wind_resource_factor_north,installed_wind_mw,0.01975586886823489,0.0429345104150963,false,,ce_2013-07_dowhy_ca3b781aa7162aef.json,"('wind_resource_factor_north', 'installed_wind_mw')"
2013-07,wind_resource_factor_north,installed_solar_mw,,,true,target_degenerate: std_absolutely_degenerate,ce_2013-07_dowhy_ca3b781aa7162aef.json,"('wind_resource_factor_north', 'installed_solar_mw')"
2013-07,wind_resource_factor_north,renewable_generation_gwh,0.0011609643670505098,0.02251907495138249,false,,ce_2013-07_dowhy_ca3b781aa7162aef.json,"('wind_resource_factor_north', 'renewable_generation_gwh')"
2013-07,wind_resource_factor_north,renewable_share_pct,0.0006431925118723327,0.0122988061622877,false,,ce_2013-07_dowhy_ca3b781aa7162aef.json,"('wind_resource_factor_north', 'renewable_share_pct')"
2013-07,wind_resource_factor_north,capital_expenditure_eur,0.022973848749534037,0.057857153136834406,false,,ce_2013-07_dowhy_ca3b781aa7162aef.json,"('wind_resource_factor_north', 'capital_expenditure_eur')"
2013-07,wind_resource_factor_north,fossil_generation_gwh,0.00010732382810246895,0.0023295488914406443,false,,ce_2013-07_dowhy_ca3b781aa7162aef.json,"('wind_resource_factor_north', 'fossil_generation_gwh')"
2013-07,solar_resource_factor_north,profit_eur,0.0008424098712318508,0.054937821068705255,false,,ce_2013-07_dowhy_ca3b781aa7162aef.json,"('solar_resource_factor_north', 'profit_eur')"
2013-07,solar_resource_factor_north,revenue_eur,1.6587375824721391e-07,0.02100804766022391,false,,ce_2013-07_dowhy_ca3b781aa7162aef.json,"('solar_resource_factor_north', 'revenue_eur')"
2013-07,solar_resource_factor_north,co2_emissions_tonnes,0.02010400566499007,-0.2534711244594559,false,,ce_2013-07_dowhy_ca3b781aa7162aef.json,"('solar_resource_factor_north', 'co2_emissions_tonnes')"
2013-07,solar_resource_factor_north,budget_utilization_pct,0.0,0.041463318192983815,false,,ce_2013-07_dowhy_ca3b781aa7162aef.json,"('solar_resource_factor_north', 'budget_utilization_pct')"
2013-07,solar_resource_factor_north,operational_expenditure_eur,0.002074594336086472,-0.06032486499249136,false,,ce_2013-07_dowhy_ca3b781aa7162aef.json,"('solar_resource_factor_north', 'operational_expenditure_eur')"
2013-07,solar_resource_factor_north,installed_wind_mw,0.0,0.011851080439018167,false,,ce_2013-07_dowhy_ca3b781aa7162aef.json,"('solar_resource_factor_north', 'installed_wind_mw')"
2013-07,solar_resource_factor_north,installed_solar_mw,,,true,target_degenerate: std_absolutely_degenerate,ce_2013-07_dowhy_ca3b781aa7162aef.json,"('solar_resource_factor_north', 'installed_solar_mw')"
2013-07,solar_resource_factor_north,renewable_generation_gwh,0.4649905295316796,0.6901417700986925,false,,ce_2013-07_dowhy_ca3b781aa7162aef.json,"('solar_resource_factor_north', 'renewable_generation_gwh')"
2013-07,solar_resource_factor_north,renewable_share_pct,0.2586798146577989,0.5183999021123388,false,,ce_2013-07_dowhy_ca3b781aa7162aef.json,"('solar_resource_factor_north', 'renewable_share_pct')"
2013-07,solar_resource_factor_north,capital_expenditure_eur,0.0,0.01191985897392075,false,,ce_2013-07_dowhy_ca3b781aa7162aef.json,"('solar_resource_factor_north', 'capital_expenditure_eur')"
2013-07,solar_resource_factor_north,fossil_generation_gwh,0.04253864185010583,-0.21214456557649566,false,,ce_2013-07_dowhy_ca3b781aa7162aef.json,"('solar_resource_factor_north', 'fossil_generation_gwh')"
2013-07,subsidy_wind_north,profit_eur,1.7490676793585225e-09,-0.028905730133688315,false,,ce_2013-07_dowhy_ca3b781aa7162aef.json,"('subsidy_wind_north', 'profit_eur')"
2013-07,subsidy_wind_north,revenue_eur,1.3009413368598113e-10,-0.04413485220241825,false,,ce_2013-07_dowhy_ca3b781aa7162aef.json,"('subsidy_wind_north', 'revenue_eur')"
2013-07,subsidy_wind_north,co2_emissions_tonnes,2.9072105847461705e-06,0.015565551579501137,false,,ce_2013-07_dowhy_ca3b781aa7162aef.json,"('subsidy_wind_north', 'co2_emissions_tonnes')"
2013-07,subsidy_wind_north,budget_utilization_pct,3.551996064819373e-05,-0.0001252382390007187,false,,ce_2013-07_dowhy_ca3b781aa7162aef.json,"('subsidy_wind_north', 'budget_utilization_pct')"
2013-07,subsidy_wind_north,operational_expenditure_eur,3.8481931869191653e-07,-0.009000404583777879,false,,ce_2013-07_dowhy_ca3b781aa7162aef.json,"('subsidy_wind_north', 'operational_expenditure_eur')"
2013-07,subsidy_wind_north,installed_wind_mw,0.0013469910591978372,0.004760979968748634,false,,ce_2013-07_dowhy_ca3b781aa7162aef.json,"('subsidy_wind_north', 'installed_wind_mw')"
2013-07,subsidy_wind_north,installed_solar_mw,,,true,target_degenerate: std_absolutely_degenerate,ce_2013-07_dowhy_ca3b781aa7162aef.json,"('subsidy_wind_north', 'installed_solar_mw')"
2013-07,subsidy_wind_north,renewable_generation_gwh,6.47211973850768e-05,-0.0007756829556147145,false,,ce_2013-07_dowhy_ca3b781aa7162aef.json,"('subsidy_wind_north', 'renewable_generation_gwh')"
2013-07,subsidy_wind_north,renewable_share_pct,3.09206322856407e-05,0.008967726369448686,false,,ce_2013-07_dowhy_ca3b781aa7162aef.json,"('subsidy_wind_north', 'renewable_share_pct')"
2013-07,subsidy_wind_north,capital_expenditure_eur,0.0013866000362164799,0.0034787697596150146,false,,ce_2013-07_dowhy_ca3b781aa7162aef.json,"('subsidy_wind_north', 'capital_expenditure_eur')"
2013-07,subsidy_wind_north,fossil_generation_gwh,6.1564539581561305e-06,-0.008311852845751084,false,,ce_2013-07_dowhy_ca3b781aa7162aef.json,"('subsidy_wind_north', 'fossil_generation_gwh')"
2013-07,subsidy_solar_north,profit_eur,4.442951486910313e-07,0.013702527470109391,false,,ce_2013-07_dowhy_ca3b781aa7162aef.json,"('subsidy_solar_north', 'profit_eur')"
2013-07,subsidy_solar_north,revenue_eur,9.001871109876076e-33,0.007652566132933546,false,,ce_2013-07_dowhy_ca3b781aa7162aef.json,"('subsidy_solar_north', 'revenue_eur')"
2013-07,subsidy_solar_north,co2_emissions_tonnes,3.722820481356597e-32,-0.010413363791379499,false,,ce_2013-07_dowhy_ca3b781aa7162aef.json,"('subsidy_solar_north', 'co2_emissions_tonnes')"
2013-07,subsidy_solar_north,budget_utilization_pct,0.0023659799036048748,0.017327361697373995,false,,ce_2013-07_dowhy_ca3b781aa7162aef.json,"('subsidy_solar_north', 'budget_utilization_pct')"
2013-07,subsidy_solar_north,operational_expenditure_eur,1.1541928876298785e-32,-0.00950775287875703,false,,ce_2013-07_dowhy_ca3b781aa7162aef.json,"('subsidy_solar_north', 'operational_expenditure_eur')"
2013-07,subsidy_solar_north,installed_wind_mw,0.0,-0.08892718799889658,false,,ce_2013-07_dowhy_ca3b781aa7162aef.json,"('subsidy_solar_north', 'installed_wind_mw')"
2013-07,subsidy_solar_north,installed_solar_mw,,,true,target_degenerate: std_absolutely_degenerate,ce_2013-07_dowhy_ca3b781aa7162aef.json,"('subsidy_solar_north', 'installed_solar_mw')"
2013-07,subsidy_solar_north,renewable_generation_gwh,0.0,-0.04095970541453977,false,,ce_2013-07_dowhy_ca3b781aa7162aef.json,"('subsidy_solar_north', 'renewable_generation_gwh')"
2013-07,subsidy_solar_north,renewable_share_pct,6.910223903625275e-32,-0.02493969987798459,false,,ce_2013-07_dowhy_ca3b781aa7162aef.json,"('subsidy_solar_north', 'renewable_share_pct')"
2013-07,subsidy_solar_north,capital_expenditure_eur,0.004372097517803065,-0.16777191240017603,false,,ce_2013-07_dowhy_ca3b781aa7162aef.json,"('subsidy_solar_north', 'capital_expenditure_eur')"
2013-07,subsidy_solar_north,fossil_generation_gwh,1.0050191326558184e-31,0.01023182421812191,false,,ce_2013-07_dowhy_ca3b781aa7162aef.json,"('subsidy_solar_north', 'fossil_generation_gwh')"
2013-07,fossil_availability_factor_north,profit_eur,0.0,0.0021331288403148864,false,,ce_2013-07_dowhy_ca3b781aa7162aef.json,"('fossil_availability_factor_north', 'profit_eur')"
2013-07,fossil_availability_factor_north,revenue_eur,0.0,-0.0003632543687384805,false,,ce_2013-07_dowhy_ca3b781aa7162aef.json,"('fossil_availability_factor_north', 'revenue_eur')"
2013-07,fossil_availability_factor_north,co2_emissions_tonnes,0.0,0.08843370915820754,false,,ce_2013-07_dowhy_ca3b781aa7162aef.json,"('fossil_availability_factor_north', 'co2_emissions_tonnes')"
2013-07,fossil_availability_factor_north,budget_utilization_pct,0.0,-0.17073404664221997,false,,ce_2013-07_dowhy_ca3b781aa7162aef.json,"('fossil_availability_factor_north', 'budget_utilization_pct')"
2013-07,fossil_availability_factor_north,operational_expenditure_eur,0.0,-0.0034453320493250898,false,,ce_2013-07_dowhy_ca3b781aa7162aef.json,"('fossil_availability_factor_north', 'operational_expenditure_eur')"
2013-07,fossil_availability_factor_north,installed_wind_mw,0.0,-0.014755236487461519,false,,ce_2013-07_dowhy_ca3b781aa7162aef.json,"('fossil_availability_factor_north', 'installed_wind_mw')"
2013-07,fossil_availability_factor_north,installed_solar_mw,,,true,target_degenerate: std_absolutely_degenerate,ce_2013-07_dowhy_ca3b781aa7162aef.json,"('fossil_availability_factor_north', 'installed_solar_mw')"
2013-07,fossil_availability_factor_north,renewable_generation_gwh,0.0,-0.004713970097091552,false,,ce_2013-07_dowhy_ca3b781aa7162aef.json,"('fossil_availability_factor_north', 'renewable_generation_gwh')"
2013-07,fossil_availability_factor_north,renewable_share_pct,0.0,0.0006729691853987514,false,,ce_2013-07_dowhy_ca3b781aa7162aef.json,"('fossil_availability_factor_north', 'renewable_share_pct')"
2013-07,fossil_availability_factor_north,capital_expenditure_eur,0.0,-0.022298571962592804,false,,ce_2013-07_dowhy_ca3b781aa7162aef.json,"('fossil_availability_factor_north', 'capital_expenditure_eur')"
2013-07,fossil_availability_factor_north,fossil_generation_gwh,0.0,-0.00832588621941526,false,,ce_2013-07_dowhy_ca3b781aa7162aef.json,"('fossil_availability_factor_north', 'fossil_generation_gwh')"
2013-07,peak_load_factor_centre,profit_eur,0.0005481650300071694,0.0027377013436795726,false,,ce_2013-07_dowhy_ca3b781aa7162aef.json,"('peak_load_factor_centre', 'profit_eur')"
2013-07,peak_load_factor_centre,revenue_eur,0.0032162088478534714,0.04060026736930461,false,,ce_2013-07_dowhy_ca3b781aa7162aef.json,"('peak_load_factor_centre', 'revenue_eur')"
2013-07,peak_load_factor_centre,co2_emissions_tonnes,0.06129694092462979,0.10145626153219121,false,,ce_2013-07_dowhy_ca3b781aa7162aef.json,"('peak_load_factor_centre', 'co2_emissions_tonnes')"
2013-07,peak_load_factor_centre,budget_utilization_pct,0.00015555676013129227,0.034122760457285954,false,,ce_2013-07_dowhy_ca3b781aa7162aef.json,"('peak_load_factor_centre', 'budget_utilization_pct')"
2013-07,peak_load_factor_centre,operational_expenditure_eur,0.006136675381619715,0.04569548526127849,false,,ce_2013-07_dowhy_ca3b781aa7162aef.json,"('peak_load_factor_centre', 'operational_expenditure_eur')"
2013-07,peak_load_factor_centre,installed_wind_mw,0.0020877846028874926,-0.01704502534009551,false,,ce_2013-07_dowhy_ca3b781aa7162aef.json,"('peak_load_factor_centre', 'installed_wind_mw')"
2013-07,peak_load_factor_centre,installed_solar_mw,,,true,target_degenerate: std_absolutely_degenerate,ce_2013-07_dowhy_ca3b781aa7162aef.json,"('peak_load_factor_centre', 'installed_solar_mw')"
2013-07,peak_load_factor_centre,renewable_generation_gwh,9.901401468303518e-05,1.3906345849057187e-05,false,,ce_2013-07_dowhy_ca3b781aa7162aef.json,"('peak_load_factor_centre', 'renewable_generation_gwh')"
2013-07,peak_load_factor_centre,renewable_share_pct,0.06281964276574614,-0.1996922198436851,false,,ce_2013-07_dowhy_ca3b781aa7162aef.json,"('peak_load_factor_centre', 'renewable_share_pct')"
2013-07,peak_load_factor_centre,capital_expenditure_eur,0.0020391676900335587,-0.010446750095811246,false,,ce_2013-07_dowhy_ca3b781aa7162aef.json,"('peak_load_factor_centre', 'capital_expenditure_eur')"
2013-07,peak_load_factor_centre,fossil_generation_gwh,0.1293694116300346,0.2757272184264469,false,,ce_2013-07_dowhy_ca3b781aa7162aef.json,"('peak_load_factor_centre', 'fossil_generation_gwh')"
2013-07,wind_resource_factor_centre,profit_eur,2.758581287692897e-05,-0.002910013717749031,false,,ce_2013-07_dowhy_ca3b781aa7162aef.json,"('wind_resource_factor_centre', 'profit_eur')"
2013-07,wind_resource_factor_centre,revenue_eur,1.4631464661252056e-09,-0.006799103845372761,false,,ce_2013-07_dowhy_ca3b781aa7162aef.json,"('wind_resource_factor_centre', 'revenue_eur')"
2013-07,wind_resource_factor_centre,co2_emissions_tonnes,0.0008315208123421992,-0.027068153007347946,false,,ce_2013-07_dowhy_ca3b781aa7162aef.json,"('wind_resource_factor_centre', 'co2_emissions_tonnes')"
2013-07,wind_resource_factor_centre,budget_utilization_pct,0.0010477343321438565,0.06628531674739736,false,,ce_2013-07_dowhy_ca3b781aa7162aef.json,"('wind_resource_factor_centre', 'budget_utilization_pct')"
2013-07,wind_resource_factor_centre,operational_expenditure_eur,0.00011062155925819012,-0.006523264591025757,false,,ce_2013-07_dowhy_ca3b781aa7162aef.json,"('wind_resource_factor_centre', 'operational_expenditure_eur')"
2013-07,wind_resource_factor_centre,installed_wind_mw,0.037156631363877014,0.20809135984248145,false,,ce_2013-07_dowhy_ca3b781aa7162aef.json,"('wind_resource_factor_centre', 'installed_wind_mw')"
2013-07,wind_resource_factor_centre,installed_solar_mw,,,true,target_degenerate: std_absolutely_degenerate,ce_2013-07_dowhy_ca3b781aa7162aef.json,"('wind_resource_factor_centre', 'installed_solar_mw')"
2013-07,wind_resource_factor_centre,renewable_generation_gwh,0.0192909383964623,0.1265355800311382,false,,ce_2013-07_dowhy_ca3b781aa7162aef.json,"('wind_resource_factor_centre', 'renewable_generation_gwh')"
2013-07,wind_resource_factor_centre,renewable_share_pct,0.01065374638777035,0.10670693963690613,false,,ce_2013-07_dowhy_ca3b781aa7162aef.json,"('wind_resource_factor_centre', 'renewable_share_pct')"
2013-07,wind_resource_factor_centre,capital_expenditure_eur,0.026338263632884138,0.18093132184022145,false,,ce_2013-07_dowhy_ca3b781aa7162aef.json,"('wind_resource_factor_centre', 'capital_expenditure_eur')"
2013-07,wind_resource_factor_centre,fossil_generation_gwh,0.0017607619354299726,-0.04769660506185683,false,,ce_2013-07_dowhy_ca3b781aa7162aef.json,"('wind_resource_factor_centre', 'fossil_generation_gwh')"
2013-07,solar_resource_factor_centre,profit_eur,0.0003656417956334469,0.033918900140563306,false,,ce_2013-07_dowhy_ca3b781aa7162aef.json,"('solar_resource_factor_centre', 'profit_eur')"
2013-07,solar_resource_factor_centre,revenue_eur,3.785825244294625e-09,0.012836114257797418,false,,ce_2013-07_dowhy_ca3b781aa7162aef.json,"('solar_resource_factor_centre', 'revenue_eur')"
2013-07,solar_resource_factor_centre,co2_emissions_tonnes,0.008715087195454196,-0.10560771903187818,false,,ce_2013-07_dowhy_ca3b781aa7162aef.json,"('solar_resource_factor_centre', 'co2_emissions_tonnes')"
2013-07,solar_resource_factor_centre,budget_utilization_pct,0.0,0.007690308478727189,false,,ce_2013-07_dowhy_ca3b781aa7162aef.json,"('solar_resource_factor_centre', 'budget_utilization_pct')"
2013-07,solar_resource_factor_centre,operational_expenditure_eur,0.0008929257397264391,-0.036718220822784385,false,,ce_2013-07_dowhy_ca3b781aa7162aef.json,"('solar_resource_factor_centre', 'operational_expenditure_eur')"
2013-07,solar_resource_factor_centre,installed_wind_mw,0.0,-0.03680199381191826,false,,ce_2013-07_dowhy_ca3b781aa7162aef.json,"('solar_resource_factor_centre', 'installed_wind_mw')"
2013-07,solar_resource_factor_centre,installed_solar_mw,,,true,target_degenerate: std_absolutely_degenerate,ce_2013-07_dowhy_ca3b781aa7162aef.json,"('solar_resource_factor_centre', 'installed_solar_mw')"
2013-07,solar_resource_factor_centre,renewable_generation_gwh,0.20340585672114847,0.3447579140903612,false,,ce_2013-07_dowhy_ca3b781aa7162aef.json,"('solar_resource_factor_centre', 'renewable_generation_gwh')"
2013-07,solar_resource_factor_centre,renewable_share_pct,0.11488072942042428,0.24499434531204187,false,,ce_2013-07_dowhy_ca3b781aa7162aef.json,"('solar_resource_factor_centre', 'renewable_share_pct')"
2013-07,solar_resource_factor_centre,capital_expenditure_eur,0.0,-0.03844688455714322,false,,ce_2013-07_dowhy_ca3b781aa7162aef.json,"('solar_resource_factor_centre', 'capital_expenditure_eur')"
2013-07,solar_resource_factor_centre,fossil_generation_gwh,0.018452725982523288,-0.09645786656387613,false,,ce_2013-07_dowhy_ca3b781aa7162aef.json,"('solar_resource_factor_centre', 'fossil_generation_gwh')"
2013-07,subsidy_wind_centre,profit_eur,1.9336401647239293e-08,0.09189042460095778,false,,ce_2013-07_dowhy_ca3b781aa7162aef.json,"('subsidy_wind_centre', 'profit_eur')"
2013-07,subsidy_wind_centre,revenue_eur,5.6942808410767997e-11,0.0067389025671126795,false,,ce_2013-07_dowhy_ca3b781aa7162aef.json,"('subsidy_wind_centre', 'revenue_eur')"
2013-07,subsidy_wind_centre,co2_emissions_tonnes,3.009821289531015e-06,0.008983474775891263,false,,ce_2013-07_dowhy_ca3b781aa7162aef.json,"('subsidy_wind_centre', 'co2_emissions_tonnes')"
2013-07,subsidy_wind_centre,budget_utilization_pct,9.81909215523093e-05,-0.07154829292060341,false,,ce_2013-07_dowhy_ca3b781aa7162aef.json,"('subsidy_wind_centre', 'budget_utilization_pct')"
2013-07,subsidy_wind_centre,operational_expenditure_eur,6.162119839970883e-07,-0.13317611968440965,false,,ce_2013-07_dowhy_ca3b781aa7162aef.json,"('subsidy_wind_centre', 'operational_expenditure_eur')"
2013-07,subsidy_wind_centre,installed_wind_mw,0.003591976157860892,-0.13768844017904877,false,,ce_2013-07_dowhy_ca3b781aa7162aef.json,"('subsidy_wind_centre', 'installed_wind_mw')"
2013-07,subsidy_wind_centre,installed_solar_mw,,,true,target_degenerate: std_absolutely_degenerate,ce_2013-07_dowhy_ca3b781aa7162aef.json,"('subsidy_wind_centre', 'installed_solar_mw')"
2013-07,subsidy_wind_centre,renewable_generation_gwh,6.796381937496722e-05,-0.025335953859647625,false,,ce_2013-07_dowhy_ca3b781aa7162aef.json,"('subsidy_wind_centre', 'renewable_generation_gwh')"
2013-07,subsidy_wind_centre,renewable_share_pct,3.4457326674387755e-05,-0.017622372246046594,false,,ce_2013-07_dowhy_ca3b781aa7162aef.json,"('subsidy_wind_centre', 'renewable_share_pct')"
2013-07,subsidy_wind_centre,capital_expenditure_eur,0.001981648313754122,-0.1505166683510407,false,,ce_2013-07_dowhy_ca3b781aa7162aef.json,"('subsidy_wind_centre', 'capital_expenditure_eur')"
2013-07,subsidy_wind_centre,fossil_generation_gwh,6.373747498200752e-06,0.003283174474184565,false,,ce_2013-07_dowhy_ca3b781aa7162aef.json,"('subsidy_wind_centre', 'fossil_generation_gwh')"
2013-07,subsidy_solar_centre,profit_eur,5.7178853918517236e-08,-0.0009526094576890199,false,,ce_2013-07_dowhy_ca3b781aa7162aef.json,"('subsidy_solar_centre', 'profit_eur')"
2013-07,subsidy_solar_centre,revenue_eur,1.0438339904005238e-32,-0.0013449260285506017,false,,ce_2013-07_dowhy_ca3b781aa7162aef.json,"('subsidy_solar_centre', 'revenue_eur')"
2013-07,subsidy_solar_centre,co2_emissions_tonnes,3.1036905092951324e-32,-0.09248277262130446,false,,ce_2013-07_dowhy_ca3b781aa7162aef.json,"('subsidy_solar_centre', 'co2_emissions_tonnes')"
2013-07,subsidy_solar_centre,budget_utilization_pct,0.00012318861925594133,0.01590777632393701,false,,ce_2013-07_dowhy_ca3b781aa7162aef.json,"('subsidy_solar_centre', 'budget_utilization_pct')"
2013-07,subsidy_solar_centre,operational_expenditure_eur,9.412311022303946e-33,-0.00045065111461366046,false,,ce_2013-07_dowhy_ca3b781aa7162aef.json,"('subsidy_solar_centre', 'operational_expenditure_eur')"
2013-07,subsidy_solar_centre,installed_wind_mw,0.0,0.044802792926786655,false,,ce_2013-07_dowhy_ca3b781aa7162aef.json,"('subsidy_solar_centre', 'installed_wind_mw')"
2013-07,subsidy_solar_centre,installed_solar_mw,,,true,target_degenerate: std_absolutely_degenerate,ce_2013-07_dowhy_ca3b781aa7162aef.json,"('subsidy_solar_centre', 'installed_solar_mw')"
2013-07,subsidy_solar_centre,renewable_generation_gwh,0.0,0.001894021007110675,false,,ce_2013-07_dowhy_ca3b781aa7162aef.json,"('subsidy_solar_centre', 'renewable_generation_gwh')"
2013-07,subsidy_solar_centre,renewable_share_pct,1.619968813620795e-31,0.024785849706882756,false,,ce_2013-07_dowhy_ca3b781aa7162aef.json,"('subsidy_solar_centre', 'renewable_share_pct')"
2013-07,subsidy_solar_centre,capital_expenditure_eur,0.0005626699414216116,0.019223346885726224,false,,ce_2013-07_dowhy_ca3b781aa7162aef.json,"('subsidy_solar_centre', 'capital_expenditure_eur')"
2013-07,subsidy_solar_centre,fossil_generation_gwh,4.083369720275262e-31,-0.025295165784180708,false,,ce_2013-07_dowhy_ca3b781aa7162aef.json,"('subsidy_solar_centre', 'fossil_generation_gwh')"
2013-07,fossil_availability_factor_centre,profit_eur,0.0,0.0016106454026279466,false,,ce_2013-07_dowhy_ca3b781aa7162aef.json,"('fossil_availability_factor_centre', 'profit_eur')"
2013-07,fossil_availability_factor_centre,revenue_eur,0.0,-0.002274405749845464,false,,ce_2013-07_dowhy_ca3b781aa7162aef.json,"('fossil_availability_factor_centre', 'revenue_eur')"
2013-07,fossil_availability_factor_centre,co2_emissions_tonnes,0.0,0.11984906115546477,false,,ce_2013-07_dowhy_ca3b781aa7162aef.json,"('fossil_availability_factor_centre', 'co2_emissions_tonnes')"
2013-07,fossil_availability_factor_centre,budget_utilization_pct,0.0,-0.037340194626455464,false,,ce_2013-07_dowhy_ca3b781aa7162aef.json,"('fossil_availability_factor_centre', 'budget_utilization_pct')"
2013-07,fossil_availability_factor_centre,operational_expenditure_eur,0.0,-0.005800991250196587,false,,ce_2013-07_dowhy_ca3b781aa7162aef.json,"('fossil_availability_factor_centre', 'operational_expenditure_eur')"
2013-07,fossil_availability_factor_centre,installed_wind_mw,0.0,0.02743221958146399,false,,ce_2013-07_dowhy_ca3b781aa7162aef.json,"('fossil_availability_factor_centre', 'installed_wind_mw')"
2013-07,fossil_availability_factor_centre,installed_solar_mw,,,true,target_degenerate: std_absolutely_degenerate,ce_2013-07_dowhy_ca3b781aa7162aef.json,"('fossil_availability_factor_centre', 'installed_solar_mw')"
2013-07,fossil_availability_factor_centre,renewable_generation_gwh,0.0,-0.0013519185085290512,false,,ce_2013-07_dowhy_ca3b781aa7162aef.json,"('fossil_availability_factor_centre', 'renewable_generation_gwh')"
2013-07,fossil_availability_factor_centre,renewable_share_pct,0.0,0.001692617344969725,false,,ce_2013-07_dowhy_ca3b781aa7162aef.json,"('fossil_availability_factor_centre', 'renewable_share_pct')"
2013-07,fossil_availability_factor_centre,capital_expenditure_eur,0.0,0.03252653232778676,false,,ce_2013-07_dowhy_ca3b781aa7162aef.json,"('fossil_availability_factor_centre', 'capital_expenditure_eur')"
2013-07,fossil_availability_factor_centre,fossil_generation_gwh,0.0,-0.004044914955965932,false,,ce_2013-07_dowhy_ca3b781aa7162aef.json,"('fossil_availability_factor_centre', 'fossil_generation_gwh')"
2013-07,peak_load_factor_south,profit_eur,0.00042761642326357254,-0.01812660829308931,false,,ce_2013-07_dowhy_ca3b781aa7162aef.json,"('peak_load_factor_south', 'profit_eur')"
2013-07,peak_load_factor_south,revenue_eur,0.002010638206499164,0.03165324534853029,false,,ce_2013-07_dowhy_ca3b781aa7162aef.json,"('peak_load_factor_south', 'revenue_eur')"
2013-07,peak_load_factor_south,co2_emissions_tonnes,0.05430528848899896,0.28577284240042383,false,,ce_2013-07_dowhy_ca3b781aa7162aef.json,"('peak_load_factor_south', 'co2_emissions_tonnes')"
2013-07,peak_load_factor_south,budget_utilization_pct,0.003027406755517859,0.1079280007696726,false,,ce_2013-07_dowhy_ca3b781aa7162aef.json,"('peak_load_factor_south', 'budget_utilization_pct')"
2013-07,peak_load_factor_south,operational_expenditure_eur,0.004888287257808675,0.06601198949473643,false,,ce_2013-07_dowhy_ca3b781aa7162aef.json,"('peak_load_factor_south', 'operational_expenditure_eur')"
2013-07,peak_load_factor_south,installed_wind_mw,0.021205236386453098,0.07640328031698032,false,,ce_2013-07_dowhy_ca3b781aa7162aef.json,"('peak_load_factor_south', 'installed_wind_mw')"
2013-07,peak_load_factor_south,installed_solar_mw,,,true,target_degenerate: std_absolutely_degenerate,ce_2013-07_dowhy_ca3b781aa7162aef.json,"('peak_load_factor_south', 'installed_solar_mw')"
2013-07,peak_load_factor_south,renewable_generation_gwh,0.0006898339158833874,-0.01309591904594027,false,,ce_2013-07_dowhy_ca3b781aa7162aef.json,"('peak_load_factor_south', 'renewable_generation_gwh')"
2013-07,peak_load_factor_south,renewable_share_pct,0.03131064343269651,-0.16641751613484215,false,,ce_2013-07_dowhy_ca3b781aa7162aef.json,"('peak_load_factor_south', 'renewable_share_pct')"
2013-07,peak_load_factor_south,capital_expenditure_eur,0.018779282825295684,0.07810233437541382,false,,ce_2013-07_dowhy_ca3b781aa7162aef.json,"('peak_load_factor_south', 'capital_expenditure_eur')"
2013-07,peak_load_factor_south,fossil_generation_gwh,0.07525467441081288,0.22662199783524642,false,,ce_2013-07_dowhy_ca3b781aa7162aef.json,"('peak_load_factor_south', 'fossil_generation_gwh')"
2013-07,wind_resource_factor_south,profit_eur,7.68759504452472e-05,0.017268484832076113,false,,ce_2013-07_dowhy_ca3b781aa7162aef.json,"('wind_resource_factor_south', 'profit_eur')"
2013-07,wind_resource_factor_south,revenue_eur,4.464380417753774e-09,-0.009403395667663217,false,,ce_2013-07_dowhy_ca3b781aa7162aef.json,"('wind_resource_factor_south', 'revenue_eur')"
2013-07,wind_resource_factor_south,co2_emissions_tonnes,0.0035789732836713924,-0.12640006751254787,false,,ce_2013-07_dowhy_ca3b781aa7162aef.json,"('wind_resource_factor_south', 'co2_emissions_tonnes')"
2013-07,wind_resource_factor_south,budget_utilization_pct,0.008215038800809524,0.18133208823697816,false,,ce_2013-07_dowhy_ca3b781aa7162aef.json,"('wind_resource_factor_south', 'budget_utilization_pct')"
2013-07,wind_resource_factor_south,operational_expenditure_eur,0.0003524452076217592,-0.0427969320492875,false,,ce_2013-07_dowhy_ca3b781aa7162aef.json,"('wind_resource_factor_south', 'operational_expenditure_eur')"
2013-07,wind_resource_factor_south,installed_wind_mw,0.11246696449533013,0.28128796774579556,false,,ce_2013-07_dowhy_ca3b781aa7162aef.json,"('wind_resource_factor_south', 'installed_wind_mw')"
2013-07,wind_resource_factor_south,installed_solar_mw,,,true,target_degenerate: std_absolutely_degenerate,ce_2013-07_dowhy_ca3b781aa7162aef.json,"('wind_resource_factor_south', 'installed_solar_mw')"
2013-07,wind_resource_factor_south,renewable_generation_gwh,0.05654427403576757,0.24086866196180726,false,,ce_2013-07_dowhy_ca3b781aa7162aef.json,"('wind_resource_factor_south', 'renewable_generation_gwh')"
2013-07,wind_resource_factor_south,renewable_share_pct,0.031763423746348614,0.1788649514350221,false,,ce_2013-07_dowhy_ca3b781aa7162aef.json,"('wind_resource_factor_south', 'renewable_share_pct')"
2013-07,wind_resource_factor_south,capital_expenditure_eur,0.11979604004417817,0.2815206875850204,false,,ce_2013-07_dowhy_ca3b781aa7162aef.json,"('wind_resource_factor_south', 'capital_expenditure_eur')"
2013-07,wind_resource_factor_south,fossil_generation_gwh,0.005131062721976829,-0.07823188860318515,false,,ce_2013-07_dowhy_ca3b781aa7162aef.json,"('wind_resource_factor_south', 'fossil_generation_gwh')"
2013-07,solar_resource_factor_south,profit_eur,0.0006214155988962543,0.013632887570982789,false,,ce_2013-07_dowhy_ca3b781aa7162aef.json,"('solar_resource_factor_south', 'profit_eur')"
2013-07,solar_resource_factor_south,revenue_eur,4.419120679875372e-08,-0.011576218661354562,false,,ce_2013-07_dowhy_ca3b781aa7162aef.json,"('solar_resource_factor_south', 'revenue_eur')"
2013-07,solar_resource_factor_south,co2_emissions_tonnes,0.01816407853829414,0.001498287320391159,false,,ce_2013-07_dowhy_ca3b781aa7162aef.json,"('solar_resource_factor_south', 'co2_emissions_tonnes')"
2013-07,solar_resource_factor_south,budget_utilization_pct,0.00013016734619234087,-0.09926576939580911,false,,ce_2013-07_dowhy_ca3b781aa7162aef.json,"('solar_resource_factor_south', 'budget_utilization_pct')"
2013-07,solar_resource_factor_south,operational_expenditure_eur,0.001447424865038299,-0.035986961449870035,false,,ce_2013-07_dowhy_ca3b781aa7162aef.json,"('solar_resource_factor_south', 'operational_expenditure_eur')"
2013-07,solar_resource_factor_south,installed_wind_mw,0.005206864722885589,0.006767864826514662,false,,ce_2013-07_dowhy_ca3b781aa7162aef.json,"('solar_resource_factor_south', 'installed_wind_mw')"
2013-07,solar_resource_factor_south,installed_solar_mw,,,true,target_degenerate: std_absolutely_degenerate,ce_2013-07_dowhy_ca3b781aa7162aef.json,"('solar_resource_factor_south', 'installed_solar_mw')"
2013-07,solar_resource_factor_south,renewable_generation_gwh,0.2634210931308396,0.4349210898017364,false,,ce_2013-07_dowhy_ca3b781aa7162aef.json,"('solar_resource_factor_south', 'renewable_generation_gwh')"
2013-07,solar_resource_factor_south,renewable_share_pct,0.14723016861019364,0.31970168965341794,false,,ce_2013-07_dowhy_ca3b781aa7162aef.json,"('solar_resource_factor_south', 'renewable_share_pct')"
2013-07,solar_resource_factor_south,capital_expenditure_eur,0.00452426302292997,0.030475265621656526,false,,ce_2013-07_dowhy_ca3b781aa7162aef.json,"('solar_resource_factor_south', 'capital_expenditure_eur')"
2013-07,solar_resource_factor_south,fossil_generation_gwh,0.023537822947328566,-0.12276947675919644,false,,ce_2013-07_dowhy_ca3b781aa7162aef.json,"('solar_resource_factor_south', 'fossil_generation_gwh')"
2013-07,subsidy_wind_south,profit_eur,6.289373080385728e-08,-0.00858503012463206,false,,ce_2013-07_dowhy_ca3b781aa7162aef.json,"('subsidy_wind_south', 'profit_eur')"
2013-07,subsidy_wind_south,revenue_eur,3.482155389949858e-11,0.0020802706193330084,false,,ce_2013-07_dowhy_ca3b781aa7162aef.json,"('subsidy_wind_south', 'revenue_eur')"
2013-07,subsidy_wind_south,co2_emissions_tonnes,8.666270699021238e-06,-0.03645111424315563,false,,ce_2013-07_dowhy_ca3b781aa7162aef.json,"('subsidy_wind_south', 'co2_emissions_tonnes')"
2013-07,subsidy_wind_south,budget_utilization_pct,0.00014273990064621293,-0.16106949520014974,false,,ce_2013-07_dowhy_ca3b781aa7162aef.json,"('subsidy_wind_south', 'budget_utilization_pct')"
2013-07,subsidy_wind_south,operational_expenditure_eur,6.197175222095083e-07,0.015727841282080122,false,,ce_2013-07_dowhy_ca3b781aa7162aef.json,"('subsidy_wind_south', 'operational_expenditure_eur')"
2013-07,subsidy_wind_south,installed_wind_mw,0.003164713924616383,0.04201324630547418,false,,ce_2013-07_dowhy_ca3b781aa7162aef.json,"('subsidy_wind_south', 'installed_wind_mw')"
2013-07,subsidy_wind_south,installed_solar_mw,,,true,target_degenerate: std_absolutely_degenerate,ce_2013-07_dowhy_ca3b781aa7162aef.json,"('subsidy_wind_south', 'installed_solar_mw')"
2013-07,subsidy_wind_south,renewable_generation_gwh,0.00014174155907387722,-0.018454617041731975,false,,ce_2013-07_dowhy_ca3b781aa7162aef.json,"('subsidy_wind_south', 'renewable_generation_gwh')"
2013-07,subsidy_wind_south,renewable_share_pct,8.23068901649728e-05,-0.02995516137645653,false,,ce_2013-07_dowhy_ca3b781aa7162aef.json,"('subsidy_wind_south', 'renewable_share_pct')"
2013-07,subsidy_wind_south,capital_expenditure_eur,0.0019336127011810138,0.016684431413258156,false,,ce_2013-07_dowhy_ca3b781aa7162aef.json,"('subsidy_wind_south', 'capital_expenditure_eur')"
2013-07,subsidy_wind_south,fossil_generation_gwh,1.2779212800872444e-05,0.02960238312209772,false,,ce_2013-07_dowhy_ca3b781aa7162aef.json,"('subsidy_wind_south', 'fossil_generation_gwh')"
2013-07,subsidy_solar_south,profit_eur,1.5809180421251216e-07,0.006090020020734248,false,,ce_2013-07_dowhy_ca3b781aa7162aef.json,"('subsidy_solar_south', 'profit_eur')"
2013-07,subsidy_solar_south,revenue_eur,9.576458627527742e-33,0.0015156710221216378,false,,ce_2013-07_dowhy_ca3b781aa7162aef.json,"('subsidy_solar_south', 'revenue_eur')"
2013-07,subsidy_solar_south,co2_emissions_tonnes,3.6363835047376263e-32,0.0052824293257973925,false,,ce_2013-07_dowhy_ca3b781aa7162aef.json,"('subsidy_solar_south', 'co2_emissions_tonnes')"
2013-07,subsidy_solar_south,budget_utilization_pct,0.0002961347710351722,-0.03315031412602566,false,,ce_2013-07_dowhy_ca3b781aa7162aef.json,"('subsidy_solar_south', 'budget_utilization_pct')"
2013-07,subsidy_solar_south,operational_expenditure_eur,1.1757890123464458e-33,-0.006256552493140445,false,,ce_2013-07_dowhy_ca3b781aa7162aef.json,"('subsidy_solar_south', 'operational_expenditure_eur')"
2013-07,subsidy_solar_south,installed_wind_mw,0.0,-0.05476016915443059,false,,ce_2013-07_dowhy_ca3b781aa7162aef.json,"('subsidy_solar_south', 'installed_wind_mw')"
2013-07,subsidy_solar_south,installed_solar_mw,,,true,target_degenerate: std_absolutely_degenerate,ce_2013-07_dowhy_ca3b781aa7162aef.json,"('subsidy_solar_south', 'installed_solar_mw')"
2013-07,subsidy_solar_south,renewable_generation_gwh,0.0,-0.057867730146745906,false,,ce_2013-07_dowhy_ca3b781aa7162aef.json,"('subsidy_solar_south', 'renewable_generation_gwh')"
2013-07,subsidy_solar_south,renewable_share_pct,5.524246800269878e-32,-0.039756220041818655,false,,ce_2013-07_dowhy_ca3b781aa7162aef.json,"('subsidy_solar_south', 'renewable_share_pct')"
2013-07,subsidy_solar_south,capital_expenditure_eur,0.0015557063515521826,-0.09329330069679442,false,,ce_2013-07_dowhy_ca3b781aa7162aef.json,"('subsidy_solar_south', 'capital_expenditure_eur')"
2013-07,subsidy_solar_south,fossil_generation_gwh,3.7818280184389417e-31,0.02181146181008455,false,,ce_2013-07_dowhy_ca3b781aa7162aef.json,"('subsidy_solar_south', 'fossil_generation_gwh')"
2013-07,fossil_availability_factor_south,profit_eur,0.0,0.030875522309384035,false,,ce_2013-07_dowhy_ca3b781aa7162aef.json,"('fossil_availability_factor_south', 'profit_eur')"
2013-07,fossil_availability_factor_south,revenue_eur,0.0,0.003518922787015882,false,,ce_2013-07_dowhy_ca3b781aa7162aef.json,"('fossil_availability_factor_south', 'revenue_eur')"
2013-07,fossil_availability_factor_south,co2_emissions_tonnes,0.0,0.04483537100898232,false,,ce_2013-07_dowhy_ca3b781aa7162aef.json,"('fossil_availability_factor_south', 'co2_emissions_tonnes')"
2013-07,fossil_availability_factor_south,budget_utilization_pct,0.0,0.02819614128119996,false,,ce_2013-07_dowhy_ca3b781aa7162aef.json,"('fossil_availability_factor_south', 'budget_utilization_pct')"
2013-07,fossil_availability_factor_south,operational_expenditure_eur,0.0,-0.043961470782403096,false,,ce_2013-07_dowhy_ca3b781aa7162aef.json,"('fossil_availability_factor_south', 'operational_expenditure_eur')"
2013-07,fossil_availability_factor_south,installed_wind_mw,0.0,-0.003537744371334164,false,,ce_2013-07_dowhy_ca3b781aa7162aef.json,"('fossil_availability_factor_south', 'installed_wind_mw')"
2013-07,fossil_availability_factor_south,installed_solar_mw,,,true,target_degenerate: std_absolutely_degenerate,ce_2013-07_dowhy_ca3b781aa7162aef.json,"('fossil_availability_factor_south', 'installed_solar_mw')"
2013-07,fossil_availability_factor_south,renewable_generation_gwh,0.0,0.0026140125248557125,false,,ce_2013-07_dowhy_ca3b781aa7162aef.json,"('fossil_availability_factor_south', 'renewable_generation_gwh')"
2013-07,fossil_availability_factor_south,renewable_share_pct,0.0,0.010917967234157154,false,,ce_2013-07_dowhy_ca3b781aa7162aef.json,"('fossil_availability_factor_south', 'renewable_share_pct')"
2013-07,fossil_availability_factor_south,capital_expenditure_eur,0.0,-0.0006758320279567977,false,,ce_2013-07_dowhy_ca3b781aa7162aef.json,"('fossil_availability_factor_south', 'capital_expenditure_eur')"
2013-07,fossil_availability_factor_south,fossil_generation_gwh,0.0,-0.009798500492076714,false,,ce_2013-07_dowhy_ca3b781aa7162aef.json,"('fossil_availability_factor_south', 'fossil_generation_gwh')"
2013-07,investment_budget,profit_eur,9.631020179125417e-35,-0.0005545806813361931,false,,ce_2013-07_dowhy_ca3b781aa7162aef.json,"('investment_budget', 'profit_eur')"
2013-07,investment_budget,revenue_eur,0.0,0.005478777666876956,false,,ce_2013-07_dowhy_ca3b781aa7162aef.json,"('investment_budget', 'revenue_eur')"
2013-07,investment_budget,co2_emissions_tonnes,0.0,0.020881195361575688,false,,ce_2013-07_dowhy_ca3b781aa7162aef.json,"('investment_budget', 'co2_emissions_tonnes')"
2013-07,investment_budget,budget_utilization_pct,1.0,-0.5748251527653281,false,,ce_2013-07_dowhy_ca3b781aa7162aef.json,"('investment_budget', 'budget_utilization_pct')"
2013-07,investment_budget,operational_expenditure_eur,3.8393110607230884e-34,0.007791325972114264,false,,ce_2013-07_dowhy_ca3b781aa7162aef.json,"('investment_budget', 'operational_expenditure_eur')"
2013-07,investment_budget,installed_wind_mw,0.0,-0.020784425866806226,false,,ce_2013-07_dowhy_ca3b781aa7162aef.json,"('investment_budget', 'installed_wind_mw')"
2013-07,investment_budget,installed_solar_mw,,,true,target_degenerate: std_absolutely_degenerate,ce_2013-07_dowhy_ca3b781aa7162aef.json,"('investment_budget', 'installed_solar_mw')"
2013-07,investment_budget,renewable_generation_gwh,0.0,0.004253606157968399,false,,ce_2013-07_dowhy_ca3b781aa7162aef.json,"('investment_budget', 'renewable_generation_gwh')"
2013-07,investment_budget,renewable_share_pct,0.0,0.0012694029341919816,false,,ce_2013-07_dowhy_ca3b781aa7162aef.json,"('investment_budget', 'renewable_share_pct')"
2013-07,investment_budget,capital_expenditure_eur,0.0,-0.015288634949443627,false,,ce_2013-07_dowhy_ca3b781aa7162aef.json,"('investment_budget', 'capital_expenditure_eur')"
2013-07,investment_budget,fossil_generation_gwh,0.0,-0.005313634267351292,false,,ce_2013-07_dowhy_ca3b781aa7162aef.json,"('investment_budget', 'fossil_generation_gwh')"
2013-07,co2_price,profit_eur,0.389327921082405,-0.5798952292470501,false,,ce_2013-07_dowhy_ca3b781aa7162aef.json,"('co2_price', 'profit_eur')"
2013-07,co2_price,revenue_eur,2.8148752738480933e-07,0.011691677444808308,false,,ce_2013-07_dowhy_ca3b781aa7162aef.json,"('co2_price', 'revenue_eur')"
2013-07,co2_price,co2_emissions_tonnes,0.3084117369533846,-0.27586537480966544,false,,ce_2013-07_dowhy_ca3b781aa7162aef.json,"('co2_price', 'co2_emissions_tonnes')"
2013-07,co2_price,budget_utilization_pct,1.0,-0.035837510815975235,false,,ce_2013-07_dowhy_ca3b781aa7162aef.json,"('co2_price', 'budget_utilization_pct')"
2013-07,co2_price,operational_expenditure_eur,0.9249343081139004,0.9085187780847013,false,,ce_2013-07_dowhy_ca3b781aa7162aef.json,"('co2_price', 'operational_expenditure_eur')"
2013-07,co2_price,installed_wind_mw,0.7375188835075598,0.8626334935003939,false,,ce_2013-07_dowhy_ca3b781aa7162aef.json,"('co2_price', 'installed_wind_mw')"
2013-07,co2_price,installed_solar_mw,,,true,target_degenerate: std_absolutely_degenerate,ce_2013-07_dowhy_ca3b781aa7162aef.json,"('co2_price', 'installed_solar_mw')"
2013-07,co2_price,renewable_generation_gwh,0.03776468904263966,0.1740759485007125,false,,ce_2013-07_dowhy_ca3b781aa7162aef.json,"('co2_price', 'renewable_generation_gwh')"
2013-07,co2_price,renewable_share_pct,0.02029550418615441,0.13294346671655652,false,,ce_2013-07_dowhy_ca3b781aa7162aef.json,"('co2_price', 'renewable_share_pct')"
2013-07,co2_price,capital_expenditure_eur,0.7216977468151827,0.8471976816052459,false,,ce_2013-07_dowhy_ca3b781aa7162aef.json,"('co2_price', 'capital_expenditure_eur')"
2013-07,co2_price,fossil_generation_gwh,0.0032960428640208296,-0.053694730592443105,false,,ce_2013-07_dowhy_ca3b781aa7162aef.json,"('co2_price', 'fossil_generation_gwh')"
2013-07,market_price,profit_eur,0.6057319618972997,0.7756047341039072,false,,ce_2013-07_dowhy_ca3b781aa7162aef.json,"('market_price', 'profit_eur')"
2013-07,market_price,revenue_eur,0.978477092179031,0.9882651679056621,false,,ce_2013-07_dowhy_ca3b781aa7162aef.json,"('market_price', 'revenue_eur')"
2013-07,market_price,co2_emissions_tonnes,0.0,0.0265256878312564,false,,ce_2013-07_dowhy_ca3b781aa7162aef.json,"('market_price', 'co2_emissions_tonnes')"
2013-07,market_price,budget_utilization_pct,0.0,0.02426050412407601,false,,ce_2013-07_dowhy_ca3b781aa7162aef.json,"('market_price', 'budget_utilization_pct')"
2013-07,market_price,operational_expenditure_eur,0.0,-0.000664221181309329,false,,ce_2013-07_dowhy_ca3b781aa7162aef.json,"('market_price', 'operational_expenditure_eur')"
2013-07,market_price,installed_wind_mw,0.0,0.014586105178143849,false,,ce_2013-07_dowhy_ca3b781aa7162aef.json,"('market_price', 'installed_wind_mw')"
2013-07,market_price,installed_solar_mw,,,true,target_degenerate: std_absolutely_degenerate,ce_2013-07_dowhy_ca3b781aa7162aef.json,"('market_price', 'installed_solar_mw')"
2013-07,market_price,renewable_generation_gwh,0.0,0.01631509100138964,false,,ce_2013-07_dowhy_ca3b781aa7162aef.json,"('market_price', 'renewable_generation_gwh')"
2013-07,market_price,renewable_share_pct,0.0,0.030122533629144407,false,,ce_2013-07_dowhy_ca3b781aa7162aef.json,"('market_price', 'renewable_share_pct')"
2013-07,market_price,capital_expenditure_eur,0.0,0.01888921614533214,false,,ce_2013-07_dowhy_ca3b781aa7162aef.json,"('market_price', 'capital_expenditure_eur')"
2013-07,market_price,fossil_generation_gwh,0.0,-0.03232263758124446,false,,ce_2013-07_dowhy_ca3b781aa7162aef.json,"('market_price', 'fossil_generation_gwh')"
2013-07,fuel_price_gas,profit_eur,0.04886466540080704,-0.22731952370596226,false,,ce_2013-07_dowhy_ca3b781aa7162aef.json,"('fuel_price_gas', 'profit_eur')"
2013-07,fuel_price_gas,revenue_eur,2.404171550059905e-07,-0.008735538577974062,false,,ce_2013-07_dowhy_ca3b781aa7162aef.json,"('fuel_price_gas', 'revenue_eur')"
2013-07,fuel_price_gas,co2_emissions_tonnes,0.22917063435383975,0.19897693635351546,false,,ce_2013-07_dowhy_ca3b781aa7162aef.json,"('fuel_price_gas', 'co2_emissions_tonnes')"
2013-07,fuel_price_gas,budget_utilization_pct,0.051961133925442264,-0.10714662946871886,false,,ce_2013-07_dowhy_ca3b781aa7162aef.json,"('fuel_price_gas', 'budget_utilization_pct')"
2013-07,fuel_price_gas,operational_expenditure_eur,0.1161487572798991,0.3413395628594877,false,,ce_2013-07_dowhy_ca3b781aa7162aef.json,"('fuel_price_gas', 'operational_expenditure_eur')"
2013-07,fuel_price_gas,installed_wind_mw,0.08441143970973088,0.22752031688102056,false,,ce_2013-07_dowhy_ca3b781aa7162aef.json,"('fuel_price_gas', 'installed_wind_mw')"
2013-07,fuel_price_gas,installed_solar_mw,,,true,target_degenerate: std_absolutely_degenerate,ce_2013-07_dowhy_ca3b781aa7162aef.json,"('fuel_price_gas', 'installed_solar_mw')"
2013-07,fuel_price_gas,renewable_generation_gwh,0.004966384687434198,0.037651982594107146,false,,ce_2013-07_dowhy_ca3b781aa7162aef.json,"('fuel_price_gas', 'renewable_generation_gwh')"
2013-07,fuel_price_gas,renewable_share_pct,0.0027871303056453828,0.021817019782555253,false,,ce_2013-07_dowhy_ca3b781aa7162aef.json,"('fuel_price_gas', 'renewable_share_pct')"
2013-07,fuel_price_gas,capital_expenditure_eur,0.09745862603526607,0.22994422575025258,false,,ce_2013-07_dowhy_ca3b781aa7162aef.json,"('fuel_price_gas', 'capital_expenditure_eur')"
2013-07,fuel_price_gas,fossil_generation_gwh,0.0004953094967414461,0.001798973096389247,false,,ce_2013-07_dowhy_ca3b781aa7162aef.json,"('fuel_price_gas', 'fossil_generation_gwh')"
